recipient,amount_wei,liquid_cutoff_block,leaf
0x00075dcB3e05Ba3a3192C1635DAa97EbE4d023F9,35795099645776012,34984482,0x7d2712017aa184849aa10b9b2aa99b9acc3ad3a88ddaa419dc757d056399ede7
0x00775eeEc09b6E0743462e4E3a8410b6f1574949,67826558116388856,34984482,0x93ab4e0b41a6cf1a6e161ae02ab09afa1f25e8b8b6d578a96f3bb690b5758889
0x00861AEFc755F19E971933911767BE9C8DD4AeA5,252187716554494222,34984482,0xd6ead73892d5d233544c92913226d8eb926b82bb6913dc6d3fdb328fb9b84aac
0x01E7b7EfEE5150B83B4448F85FfEE9d9e867e3c4,562330153097644,34984482,0x237a6b42c0e2f32809d1ae5ac9aa6be89d45a6a30e708ebb705d5dcf2e6a3da2
0x021e099ab6fa3be65882bB2d0752C0214d8264a3,58,34984482,0x9aad29dbeae4f8329a903e53ff690ec2d9f996b2dfc938a786bf95b452590a3c
0x02508fFd76E9f7350320Ec0d44787468E4dbcaB1,955513529426418790,34984482,0x12611265b52431a26eea9feb89e4f490bd283f0d039d8545544ff25dbf92764f
0x025c7Ca2E2892bf6cB3664817828C93DFcee9172,334134934687272217,34984482,0xc13fbf28eeedda71eac2a26356b58aee2762f0cddd0196bec58d20407ecbd420
0x029dA1dda05aB47F1c539F6B6549ffC2eA568Eaa,49967511191960686,34984482,0xf2485d3feccf379d8028a769c912b8e827f0f1c75a68598f567edd2f6460d4a0
0x03879dA9151Af28D8Aa88a407D29473086b03f35,16134276251794632,34984482,0x6ed49d77f92d71e8117f0ad5301e915e1a818aaac895b9951f2049cf65ef25a4
0x03E3fd5638D4085e7787624e5dC89F16017dcB59,731609806147173906,34984482,0x4bd374eebc6db4fbc8b41fc812adc64ed5482bb67816c2c196b3aa4d2a75dfcf
0x03E93deF3797B059c20F5eC65833772a1EB17028,71785442922714354,34984482,0x3560f3ffbc4396c62f378a6e978f583663de7d352636e19d3b1cddf7d0bd4573
0x03fAA4AFC24dAF52c92916aB293326eB985cacB1,181575810309992133,34984482,0xd99bb299181fbb5f1ec57a576966ea49acf9957dd3b11c1a5229c9b938b6897d
0x03FDef14113fFCe886A4B61FA08A0C747E87aA96,142125923967568870,34984482,0x304f5f72af9982bbc60407e9b3cceb17e2809159672e206913a326496185f0d8
0x044890A8501fA742Cf3A9a4400f1921866b22076,487933710510984105,34984482,0xe4496da826fae4dd2745804f20490925455d21961c467ce067fe33604b127eb9
0x04B436555Dc69Ea4Bf8BA50d8C591E60443B3fF9,11544078705651733,34984482,0xdf718ea403f6b44da8fb69d87f860fee7f6e2120d40b85808fe9d6e61649ee38
0x04Cb51903a54f39abc45e3A0Df9BBC9dAFc5C674,284587705948818418,34984482,0xf391411e38c45fa0a257583c45bac79d2d6deaa1e9a226fbddedaf8919a6415c
0x05036487D03474CDb34347982d05F4e05795172B,28625185358217276,34984482,0x795168c140f731df045c53e42d2a176b96d38d18d6dc47df7df9d33e02265fc9
0x0585Dc0771ac3039d6bEA00B860B50aFfEEac1F7,44511476079416572,34984482,0xb4de5e4c1348a5ee631401dc1e410c42efaa1e2adf4b16317b38ef421633a0c4
0x05C8F35D28440aC3E09ACFaf1CCa04D42b777F87,2205595591,34984482,0x4eeeea6f3e1a738495696a3d73f7dbeee359796351a1f4ae230a2a8fe198b855
0x05d3cD6859FCd219b4482Fb1D72743f07df8D606,780301891985492780,34984482,0x91fa23d79f8ad4245bc7e238c3c0bc1f6bf8a4baef071d1e400fa532189ac1a0
0x05d3eb61ba14218bcB36600Ab0cD51a240339a02,10499109804189000,34984482,0xb713dab8f7d1d740747ccdc2db37e2eb9214d9c78cd2842a035e6568a1fd6bbe
0x0659bC75e983dAE7B7B94A286aD5E12B22c26666,824274134577,34984482,0x0d2ec2d50b4d53d917d12467756dc759d4a8c2f9808146071234f01c7e73e0a6
0x06fbB9E1c009398438bF81757d257E40561DDBD7,839181143926581147,34984482,0xffa7eaac8f8e3365922a017d291268a0459a7ffa17994c3107e7f5842be8f383
0x07964f135f276412b3182a3B2407b8dd45000000,450000000000000,34984482,0x7c1d3707dcb49b0df93db9c33e6df99781f42518f628898688a600e83470357c
0x07F204F9A0007Bdb6F17e453bB1c2509d5A988C5,657853427694982389,34984482,0x3a826668c851b861e6ec33bb44fdc5609e218cc3c973dbb2430daf030d2e0c8b
0x088A68D2044Bd36C3Fb8A3E9C1aaF72C5eBa1349,582297761657357111,34984482,0x3ca440973759b4a574fc5193ac0ea30bce79efc6b588b3e755adc2c02dee3d0e
0x09377BA0eB4e005561C842774B12F78991EF8C1d,82,34984482,0x7ea24c248e251020ff94623d20729c41e8f865f8b0094dcff76e34bcb7876038
0x0998046E92be1E714a89f0800C29A8a0d962Df46,3,34984482,0x65a2c25c08c904f3c6eb2979f7a9d636e4a75058c8169475511638ad66250b19
0x0A33BB5047489ee4fad6604F3fA5FC65E4Df378c,695533991794226935,34984482,0x5b7e8a112c7a44332da3054438449256982e15d02a83ed6919ab462e554d1cfa
0x0a5280F6c9aaD5B5b3D6fE20737871cB5bC52B07,131286262316451805,34984482,0x0f9bcb0b560e1d02bd96c892cd3ecf1ae5313350f75a3ed7d17c66fd78b27af4
0x0b0b4f0ac798fE7e504bE178D6A9Fc845E45C8cC,608267262537486856,34984482,0xd75843f234bedf84da07c543823777487c34e1662902a0c23d14581cfa7d8ec0
0x0B0F013a630493849E6927d8bF0D1e5d802f756b,9132429087072031,34984482,0xde20a741ba7df4e71ff69339c710c51274680985db7a63971320dccfe4b112ac
0x0B507251D56E14Ea9de800129AC36a2E15F88A6d,695594774932997982,34984482,0x20c8cdfd64eaffd1bec647d3c18d0735992d5318bf7f7d27bcef19e2daa2eadc
0x0B633E18C89312f5FfdF7C2Caec3F308FaD3Cb0e,4289011305249108,34984482,0x5dd20e42bf15034bdfc389616d033697691af23f1bd61939b284c4e749345e8e
0x0BD25AAF269cB40d023bE6c80Ab5c8cD08746935,589692326832825285,34984482,0xc8abe39117090197278c18b0484db0e911063cef673504e91386e6ecad37e7d0
0x0c60Bafc302102daa287ca91ABa674A4A17e6eBe,982962462035554328,34984482,0xa2871ad587d1d589883f500a395bef72cfac756667c64d556181799744c1d595
0x0DE96b5bF4fd5bE74eac3AC14035C97C142206FF,57087238538984666,34984482,0xae782095272eb2e50ce7d4bd947c107d5692a8ee3c229e26f6e3ab813c0ce0c7
0x0e4cb981Aa087847eF0C9F0C0989d884a86D04c3,66393332619322668,34984482,0x97846ec9aad3d033a4311e4b651c59fd756855c4f69fa7c8116a14e16f36f655
0x0eAd9488903F910F6149B08C8b3112191b4A8b24,190835352316119585,34984482,0xd12828b06e08e3ff6a07a337bcd62285eb808481c79689e7a85e9df324066dbd
0x0ffc52f052D30Ec83a8709F148957Bf2bD956938,323168133189733,34984482,0x35325a6503bf5f137759e3774bfecb710ecf57a87e3dd1d3c4dc7dcb9d3230c9
0x10364Cd9b418EE616C0A56379Ba7D1DD63b108aA,2,34984482,0xeea55edc85929791abdc35bab85f00144eb3845a53307f90c88d2b725bd57f50
0x10F4D92100765c69be9Ed4D5ADd4F272D4242723,20359129220598961,34984482,0x85b23fd6017777ab6921f950f54e5864126df01c8cf26332be8e4ab99011ca27
0x111116053F09d34a7Eae8102887004445176CA11,1,34984482,0x9594847fb76f39f6d6cc54906a7ebb2bc4edc83db9a51a6bf9ec941324fb659b
0x1185b52B5EEC9833948AD107c21a3446A3F59b0c,348514636475211502,34984482,0xbc224a0ee52da12fbe8e7f45d9252bcbb644e7bde77a5676da8d2d27988e7aae
0x11afCFF8b865BD13a6cDB1729c7Cb4da2f9FF181,472795120023708301,34984482,0x782cf856ac83524a9183bb9f1dfe2d1bc0b9bd510444ea467e6a076492c091b1
0x13a78895e2da9f3E373463EAF943a97f4432781A,500312818218988111,34984482,0x64d87332823f95a9204d277681c1058374ab1fd8b606ac8eabd470744d9b7a50
0x147CF09E7373B8FDA6f12021F1b0f98D6da1A566,896620275302284,34984482,0x9874319b115a461b23bdf200fb7cbc13ff24f849a53257d6c8d9f00741152122
0x1491a38f227c7318106C722E7Db6F93ACC53D970,117214645484150931,34984482,0x4dd3a2fa063443227502c2757bb2166e6bc044aa6d2d963ec3919fc8d4dd342c
0x1625a56c975CC0f569939229d3366764BBb2F8f6,5846488394007,34984482,0xc5c0a96883be8d1d4fb6c50fe9515c53dfc6a5993318d60a2df921038fbbd289
0x1628425e24a0B53eaebE4E07B2bc27E09B4E3e45,539240518678977194,34984482,0x1e7ead595ff33929a0f4c050d0456da223b659f507a484ef34dcae456a0a868b
0x16A2eA30C129CdF5aEc6179b5E689CFf9dF3B9Ed,407518395427259357,34984482,0xb2fd2688dc7eeb78c48a66548141c896eb3bf40111cacbfd8de6f555fe3628db
0x16F5EF133d0D15B196A778d22BF1ec56f8f37C05,713662224505355813,34984482,0x63dcd905643c849b5d226aef2fde07906e366560269066335de3faaf89b99b23
0x174955Ede26722ABaAceE835624b845782aC40F9,280952415922942443,34984482,0x341c80402ea0ce1c3aeb149373cd9f18faccd2b04ecea81b84ff6115ab6650a6
0x174ecd3AFbB8E964Fe09eA399E726141fCc4abD2,90914500783037325,34984482,0xad28f98b47a0c581140f56cb75f9d267213fd4b78bc627ddc7aeb0398b956fb6
0x18342C47E3Fc11aCeba1274EB04241f893F3989d,416707167858973951,34984482,0x6662afa4c232764404e9f811a7d408cfd843c0284f195048eb4efc66e50ec704
0x18a25FB8f7fAe25deDEb501f19B0Ae333c095810,425993886348507197,34984482,0xdff255ab694a75d7d707d9bded947712d18ab7e095f2137fe58d18bbdf4204d9
0x18E4508aE09a93a24006b7e36d2833659AC6602c,33683659904458669,34984482,0x4e91644234917f0786b568d19fcaa358d8da54469e951d31ffd5bb4387568a95
0x1910889Da1a784783cC6be709c3a3427946CAd44,57772810902239411,34984482,0x6916ee20bce2c275917830dbbc69b2b14cf360098e600a1106858e50f5e6afcd
0x194AAe141C236bc87De5a5D582329b9b5EB80372,260195656597793678,34984482,0x28c1d70e63d1a4b9aafa7231f828b20bc7ec5eefe26e1793507a8a75ba5b80b1
0x19FC1B709326fa9F5767D64a154e1c9080cEbECb,18000000000677126,34984482,0x30e2cc1632e15aa208158e7a0318825cb214a4023298e9a51341fcc856fd99ab
0x1aF5a3c0Bd927E2EC0456af7Ffe567731C5Fc772,250581353938972442,34984482,0x5c602aa5a4bbb376ef9278544f449ceedc8329453612f2480e49f0fa07479aba
0x1bE40D85f1a6AA9Cd34D3DD5AC3208458259dCb5,391920835497580924,34984482,0x9321ec14a526d8485f2f06f6ebaece2102d1cbe617776d7b9db65eab953e3ff4
0x1C0A5Fca1874E6D26D26E91c1273E32de3e51004,95353336828953277,34984482,0x29d32284f106a09c9ec8c562af4f6c9e03da61ef5bc4bf74c84d78bb82e4093f
0x1C5c1Ee180A3Ebfcb82470b254f1b1293c3d1B2b,555854760545064568,34984482,0x17029dfa43c199d2996cc720e14122692791eaaab6ba7d5514867156109f7d2c
0x1CD3BFC263386bbc6B4fCF6fB7d25517442C58BD,31592131038308666,34984482,0x1ad2ab4e5ea08dc69f5f5612c97ed4e9c223765919cf9bb9ebe671a224c5add0
0x1D7C08AdC571aC4D1d11578C0b154215B68f0cb3,45989978011309932,34984482,0xaf5875af5c902ae86700dfc240fb1f0dddacf825d08378447a88ef589b527d91
0x1DE9dd772681c605F704B82d99e7C576DC802423,109171407227171,34984482,0xe20cf3c76c3e0369d27ea9b5d09d081793f21cccc050a662bb01f51cdcf0f06a
0x1Ef67B3a8822DD2A9263c6149F7268eb0fb6261d,25328166162423872,34984482,0x6ff32905144e558bd434a27b4f85a25ca292ca0c371f6de8c8e91a5b2ef06d78
0x1F433b00614C8cFE54da61301C0a2457203CC6D9,56250223700090159,34984482,0x62f347454cd6c77c7cf182a86adda45cf525c1ce94189d089945cfb9208d35f2
0x1f60941B3ba5269a8B6DaFf87cc98346b17ae115,193862172663194517,34984482,0xdb7c6ddd12f20d777b942aa51e86c67d6b1f883b64d196fdb23f4ec1c3e4ecff
0x1ff67d19f75ad2F9375db66d6d27F29BCe8b56D1,671829262959339335,34984482,0xccb70cd9488578893cafc81b944f6faba3410fc5168353ba93fe3c670b311780
0x204F3393AF7000e31D1020A75e0C94C10Ce0a736,144453834730792597,34984482,0x65b96916543df756b86982dfd14f8407ac51e9a8adbff2cb6b87197922690116
0x207b509bFdE324E0a551FF75dc2525661D910aBa,56709876528314008,34984482,0xd28ae582e262e536e8e84a2dce9f44bef058ad390c4bbf4b85490736d39e5ec9
0x20E700A566651165C164f74eDD4c8Bf75c056FA0,100000000000000000,34984482,0x9b885f23a3215767e41ec46e311d7bca141513d9c84eb2b90d53795d415a45c1
0x2106f3068aE38d77235bDf3e28f31177dCfaF951,397758246309020011,34984482,0xd564c86e2180cfbbdb3e7216cf5d50b2f74e985cb476e390c85500a95717bad2
0x226c1cf05631AB8eb374acdBeA87b25f159f72bE,354731369261290986,34984482,0xcbc572dd30fd5b6837ca83f5ccb96b91f1a9538b907fefea8946fc84a4ce9419
0x228EBc2954B44C42e1AbF50ff1A82DeC0C354BD4,8358890025360613,34984482,0x229b3344f18d5cefac28fe5c8b26bedc276601ac2b4ae6fa26e5b51e62153e81
0x22e4e60c2126d543571B1800C450109B54C8d619,63067880324254433,34984482,0x23d5dc1a7de4219fdf22dc1e6a97e10520420f2547b8a588871fc058694f3bc8
0x2329665C902edB0337194e5d8776443d2e3eb14E,135025260993277291,34984482,0xf6269e473e9b9078c8ca4d4608506236888e633150296c411037245e98eb011a
0x237d44ff9c9A48bce5Ed6c337db3080Ec7967F56,664092585543341175,34984482,0xcded4a72808139f0401f2732f66a3b4a1689ff255642248c7fb3d8f86522f5dd
0x24A045272d7a86d04cf23495E20E6285b0279c8A,202354173048347103,34984482,0x57a6439e7905b5733fe892be227199b7269d8003ca23d41d2347c6d77936dcc3
0x24C05DaF17E50008710E5ad18be7c96A8143fe92,4101568712,34984482,0xc15082b0e8d6d506c97b14433bb3a6c9d682fa5bf9e2a954c38d274fa9b29b4e
0x24d5aAcE190E5c4eACF98BCc9D1Da8C3fa0C755b,131803037504936208,34984482,0xf924622c8edaa188c66ac0d3afb5273fc02e53d2506f1b315f8abfeaca55643b
0x2532f17705C241d66478fda4c20AfA57F779124D,923175365528110275,34984482,0x2c66d5e59a2187593d6efab116d107692b8cf1e52fae4503d7f0c151bb383541
0x2538372ef861fA766C9AcF8Cb735CcA3415276D2,17448350684140816,34984482,0x5c02fa2f280453cba2fd81e85d806fc503ae65f176277d465debb4b24b8273e0
0x253c467Bcfd7783598EE970696093EC26d2C58d5,347876475985435434,34984482,0xcdfc84b859e7e14a5facf5c08ee28706a45f68d1e141742c8c213d7351c0c6f0
0x255f611e2B01193304A766fF27e01cd29BE8f5fe,142623002601106961,34984482,0x9a15c101b3b5c72eb4dbd1104c8e910886956e49899e66046d197be8f9a9b2d2
0x26479d2B731E8f93dA986A375D83Ec8b9c823899,27274055537222167,34984482,0xf909e9db3b1086c4935052d3e2af48586831034955c88ee163a66c2c211f32d2
0x269123B868C999Ed88CAFA9185f8a982Dd704c91,547966210906770471,34984482,0x1b6950cf9d2e3080dba8ddc422751758558415b4176554112c912f722ec6087d
0x271e9C06f79f7B54ff3C99259f2000Cb53c4A600,161667480937173301,34984482,0xa991c223be28c0070ff1b718df770dbd5ff1880d2ae78addcfc1571e5f214a2b
0x27B97F58459F3a27b4D77E549b06CC36F773B033,945801667599274340,34984482,0xd9e7ddc68c8b1c235330abcfcdaa12a8f60ee0dc922d53ae5578d8e4a6795ab0
0x27CE7c5A7af04C9E112f1a353973F669Aa5DB0A6,994784898649201893,34984482,0x16abb6e10a966199250ff9a0235946369cada6f407f4a20eccf66ff41b956ae2
0x27dA6F24Cd437BC0A00469E19aD8342b7f2e50E3,758120425899847394,34984482,0xf33b5680341e1caabff2162c2e3c49fc49b5840e3141a2dca3746753913ce081
0x2825CDb4A71AC7942DA889f1ff72d536a8209343,340331813012113637,34984482,0xf9626f3bcae7d0a70e19aceadbfa3229b59b882f3bdede213a9cc8e2f796381c
0x28caB576d0f839E870998A621E028A4Ce0d76a86,640939284942562506,34984482,0x0f2b085765cd6cd4edebdfc2443fcc53bc4be64a75d3af53c6893a0edfa3e408
0x29909b9c97845D5eb998B4AA41664a46c5dc35C6,210106344630404876,34984482,0xaccee8218449f3f4ea7f494e0e6fa9b171cfcb9b6be8d7c5fb12d0c339e99672
0x2a1f5f85c431BA7b581074F9564035Fd85200C44,130343403374442395,34984482,0x979b79014e7fc7a8755f22827a7886ed800c414c3f9d08e834fdfa69b4077655
0x2a686CBE5e42daB2C7B3b93e9e1De5378faF8ddB,8674784195814757,34984482,0x1547d8dfd47ad44e765991298d38482872d875a32be6577895d0a254fdd7498b
0x2A94940838cCde5e4f72705b9C250923EAB58769,31425057290079656,34984482,0xb87b98a6f23af37b4536702ce9632a2a05ac29e5ad9bb45927b7af2c1654fdbd
0x2AeEF5786ce92f413EFcAe57dd13BEF94f99dFBf,236207438963676157,34984482,0x811a91ea7b909b4113470ba3515cf415a1b5649c77c8a9ede24a25ebfe67bac3
0x2B11cb7B096D25E0adCD438118FE7233a160c0B0,671097275436451446,34984482,0x3c5c0e66231e388537b08dc6d8d340bf08184bc1ea4edf2ac3e7e5bfb72271f5
0x2C44c6Cf171E290123f21d32f7670Dd872F57dF1,5705923626974763,34984482,0xd422a771edb4e9f9b59981d5e8c675b47415e1cd881c52fada2c999ba5eaeb51
0x2c875d3CEAFC35915715f213e10Ba2e53277F2f1,811607907762192035,34984482,0x9decd63bce696a7d7b380b8d9d73fe398a20f04041bc1dcc8a19717657b6eec7
0x2C9089CAe14A03Bdd892E842881e5bc479372378,634264147330477003,34984482,0x20801a4250c7f42a6973ba9611e68b4f27b55576032d0a6d6ec08d9de4e1cafe
0x2Ca37ff95caF25366eF16fc2E655b78a165D125F,1,34984482,0x8bc433a3f6f00223629cf636881206bf8f50d200912a2f68912720bcd65e7b08
0x2cCdcCfCc871De557bca6454da510ec5F5aD3C2e,13290870123425602,34984482,0x77800292780fae5dfaf1537d12ca07cef601029002a41d1edcec0c063594f1fa
0x2e48b81Ef29127734eaa6357E99FF85BD2C8bfff,12200591828774522,34984482,0xe14087c6d7cfd1ec95d4d71b20bea051a25faba0d7e91da3a03a1c54d852caac
0x2Eb8C19f6d68F55E9544C12D6893DCA28354B6ad,393495125322811607,34984482,0x2f6189647ef50ddc253f6afc8381e0bed408ce0d14a916cdd91b542320ef7f60
0x2EfED473D498d749DF0912C01EBB632D9EDacc19,184698916002433453,34984482,0xc63a0687d50fbb5ab035a7c42d4eebd790ee739f0148055c2d7ee39735a39908
0x2f0e30C09bdB8FfBe899b88c3A33E694F13EE47E,433286698213984170,34984482,0x0d9817e6066712b0a4ac47f58431f9b46717de209f7a9303189ccca03b6a5d77
0x2f495cCaD3a513795fb76bCaa899fea3f1E98165,171,34984482,0xe9b7e117633183251b3e58d7d4bdf01e37d5c2bc1c4bf846e0e6634d40f8a9e3
0x31273a81F9A82B01208b70391a6060c5920Cd49a,6,34984482,0x474464ae43e4dcb88e096cd23dfcb77a49fc3b33ba7144ead5bec559b5079ed6
0x31caA6199D3FB1e193e968789aEa8b7dF4BA50af,49750190879075546,34984482,0x8eafb0464a5583dcdb1ee0d96fa2b5f9837845438d767ccefa875072f5ac0c2f
0x324C30c4cd450EF781E7a7A7b685B30D2b0890A2,755215746324742773,34984482,0xf16607d69146b150fa45d3fc0f587e40a2b869595ed0e09bc2a79172a646282c
0x327b9803ECc65aFD59B723E5d5F3c6573eA116bB,31536293769273459,34984482,0x2fe8f5d0548a5c1ba06e16dee17c2f905f35e4bc1a50c75842157e290dc8a267
0x329a29a89f9C719a84166dd152EE583e57588c90,6431964223414635,34984482,0x4d87ac48803486327a899f7950aaa829a33858a949ccca3858e389426f957dc8
0x33aA33d67fb3837A732A417A1a5cc3f53C0B3DA0,12102870163652326,34984482,0x0acecb32ac80bf0b4e9cfbf10ea9fa75a2113a34d16aa6eac5b4c13c8279d2dd
0x340a34B4b9ECEC9E962D89bbe62994cb23673EEE,4666677418732538,34984482,0xb0dc9d7d1212e849c4d5ede2b7562e0142294c0415b3ae78ace604b458284a27
0x3414Cee4C5c6b3CE03244F9E989351B40Aee1158,62,34984482,0x482bae67a79d2afab561904f7a8153295e9412c0c60adfcab4ecce17d6087626
0x344E5151d0Ad323Fc422d2a3B5d4fDC0200CcB4A,626150654356902234,34984482,0xf4997ddd8cb9d2d052e1a39cda80c67ee49b06f8fd87e8772a6e4a7ab3b47ca8
0x347ffC6DB9aCc54ac2019795173B9599E8B82BD9,158304897144275115,34984482,0xf8cd86643adbc301e968f54dbc8d3bf44e859b6d5a9cdaf528e39e6d9bc05b38
0x367bEeD636B3F5dC25D853882EDfb98c58D5D2a5,82912042993582,34984482,0x558c630601b9916b47be39364dac230ae5471a96280e8b50d575dd8655926f3e
0x368414a46eE9B63145ddA960d3b9B7d6b81be24A,513043969743334203,34984482,0x902c11e5dbb0ff1f2d9d477666920623da75abea9ffefd0f31f4edeed16383aa
0x37a06ae92F05CfB3bD41A63aa208c8f384e69603,6813252392,34984482,0x78c3fc34f3278c5f754f11f906c4afe0cb2c48f972b6615b57981a73a89b66d3
0x37bbFc32408449Ec4251bf3C2fef4F7CD52746ba,378218609581487666,34984482,0x6c265447e61aa26960150188ea77de2609bcfb6ab8e7dcc4ab8348d4dd5de9a4
0x38C67E503709eE25E783388aE9aEE5B5DcB4A935,627107499847735781,34984482,0x1d25c5316a405729b4b5bba2df00db1605648fec4af6bf91922654dfd500ab1b
0x390ee9C2455838d1718a02A80EBa9a63059268Cc,318964124083463313,34984482,0x32581d6498a9a8de60b32bed3ef6822b58e03075cdcb1577f506ed9033a226e4
0x39243FD5EC3762020bbfc1F980b920C88C3A493a,483051427408568674,34984482,0x839c152724496c4a680eca4c3c89df17ef3059d23aa1fb0bfb4416c1795b8e8f
0x392cfB3f7b84A135D2fd6792CB549f2c38cF4018,526159384697240053,34984482,0x937217c478a7f75efd2793035f4731a6451d2bb214696f54fc3eb612b4bc1e3a
0x395e9b25043842DDe5bCdFE18EC125bDe88067F5,92202051182508436,34984482,0x15e515169836f9d7f9ebebc479887b6678b41be82342c7a6653424242d610339
0x3A56E4058a006fB3c63cA1B1dd15795bAFC3f7a6,451279007946503094,34984482,0x94fb4d24242dc44d1ffd324da8bc77be3c9bac8728a547330e1fc8b76906c653
0x3B5090217ec4bf182aBe4B95E9065fdB669f7170,119016947849267811,34984482,0xb9977056aa4d858d0f3197199aba32ba46528aed4e8fa479818f1022d28d83d2
0x3b7Bc4F00Cc148dB3c8B34098a33611e2bC7dE31,6,34984482,0x4195a127755671ff892ed4ad93b56ae708235e0fc375be0359a4386d09795e3b
0x3bdB21Ea8793AcBF0cE18954865b7572694d037f,18875125451768,34984482,0x80e7643de3ed3ec6e92a0cea3ac91ba1348e4c9e0f8a5a87500c7aa9b2bd68bc
0x3D145930A87880EdfB5687A45783429e1E7EBFa3,86770601733436563,34984482,0x6ddbf7305ed78a6d7e0fb2a36d732c1473ca42df7e20ca9b11c9d2125e1124f3
0x3D6c568199d0DA4dEfF969b962B97A305e7d1073,5929180665354807,34984482,0xd1b7ebb8b26f4903e6e2483c65d2a5df4ab869c89fe1deadd5fc2897225e2d8b
0x3D874EAB2766bcF5ed67aA1E142722Ab347D17B5,524541813080015353,34984482,0xbb7c30dd08f6042b06532be5a4f1d22b466d46f3ea052c0f1715e8bed490e471
0x3e7662E685B50DD4f2d590a5E6D547790141e9eF,127499606198066436,34984482,0x89fd695aa041eadb66c02290e593eb9e0853c268e158870df70b206668cc5c09
0x3f4fA89Ca626C36040f26DD33ACb21E6ED4f5484,232340813890551195,34984482,0x864b684038a0eb61cc46cafd4ff7ce122b0bbfb9d17ece8a5850118780a0628c
0x3F86652B7A10D911033FE76443000DD06856C108,330930239223122308,34984482,0xefbb364e44406fc825deb927c77be5199e323ffa8b0e43009222fcfe268ee220
0x3FD8cb7e03b5C5A5d5C3a37c704B77014b77670E,23220409086178428,34984482,0x2aca0183c738396e7c5eb93eea7014bb62687d62325837dae1b7ecf7f12dd7fe
0x41072279eE08252650C338625f550EBAAb25aD98,365692115341154458,34984482,0xa5d0fc5cfe10bb20b106890b430dc362bbee0b2e4d8834c6f0d616a9f2bb878b
0x41211C627B79F3daB4eE89BCA89150C06eFe26Ed,698291774884830854,34984482,0x573667deb22e9895f72511731cb8f68b7beac4326211e41f383f13996bf004b4
0x417798bFeBe4D3bE45AD970da1D8a3789a377D4a,744567501608965949,34984482,0x1b664c40d44ec986885f90a13dc87c7c43e077f9e00ce21e33ff0b95942e1fa8
0x422f4647e817575B2C77D67CBF1c12123C153236,263508546473302008,34984482,0xca0dff409d1e32e6d062ac2254df7ab76a22aa7e782fb33066fd51b107661981
0x42b722fb26469B3c2D60b68d3d836be745c10517,97905780806956771,34984482,0x7fdf1426eaff129181f2f5da7dc582be64bdc3b582a46cee836e2d4bc7eebc46
0x4353b6393C0b3214d9100c438dbC5aC041545CF9,59852715826443503,34984482,0x821276441a6b0ec070956e22281f2737e2c6cdcef050327d0a1fe29cc7e8c4f9
0x43867c4fF90Fd022bA8f424e204814E0037dF0A1,231820255378601638,34984482,0x76204ef3b869bd0dbe3f5f392a399dee2b9c2e3a030a10f23e9e550d08916bb7
0x43C25871C14A71d450E12C5245b80F0F01De7aff,444031912745047857,34984482,0x236d6f8e446793e7a692ace5a8804c3f021cc925cfac50714e206511aad5adff
0x440Af2fe32c31fBD204Dc61c79D53Dd694304801,11797092196,34984482,0x1d2dc6e461377a18f8f8b9cf2c40cba88615063e9730adf988ae7db415e36563
0x4592EB5e181945f20788Cb7f2DDa64F0b1900B49,238815945431085970,34984482,0x31106865fc0c71e5ef627b2f5ba390e8c2603f5843d8ae8e6d52cfd6079e87eb
0x466c34b6D8F81b69B69272b703e266061eddF17c,436649583065674427,34984482,0x7c002b1b794aab108396f2ca316ea406386c15a47957b5e65d649466b83f7071
0x46da67cf582331eb8e592023a9E9edef2a321111,990819946956174418,34984482,0xdd3044bc71eb2067bc901d77459dcc5b8cbb242be584455f0d2852db35543953
0x476Ff1cB3F40556f6dFc69E2a7e03840caC11edA,45790490554540947,34984482,0xd5824ec172498af2d84605e8ac14ceed516bd59824c37585cd852f8f5d24324c
0x4890E6833d317b4bE75731bbddb9F836f74748C2,648198210,34984482,0xc5bd4fc410c46165ba1fc4ff9083d8ab4a7fa5d46ad2cca0db6ba000900a4ee0
0x48A097DF16c7844a33B1c3d11aB353457846e13F,736629126661609357,34984482,0xaa3c5371c8455b91f7f528adfd44812f84e222aa3cb79702326b50b49b275a26
0x48b51287FB5281EA0913100809C3b7f1649C7996,3847198860966050,34984482,0x1841b614709708f4d39dc682625ed9ba882bf3dbaef3fdb2e1b0ae3b00eacd39
0x4940655C4a1f379FF78af413deBE961Dc21e74f2,335929496629757382,34984482,0x1d9972c968a59ab273749a58545be8d037f4a73bcd4c9a461b2d952c547772ed
0x49b5a2a5Cb3dEf66c6a6727E33Dd08248ECF682d,6,34984482,0xc7bfe488d4f390108e34d4c3744ee0069858fc79814f504cb8874771c60fdc05
0x49Bd3F107E622deEF48e05915984B7b2705A37DD,2224296871557545,34984482,0x6bad6029e4b7c4c24a9b345a91171a97cb49ad91d67b194212a6730eed567cbf
0x4A22064846B49393A26256a2a23402D4311421D8,98898425130809768,34984482,0xcab73489c5741989416c1fadd15b0d07c1a8e7227144d8caf392a40cdcade623
0x4A301A07e220BF6663D965bb1B4E80AB87508734,619,34984482,0xaf08036d4c961f399ad1b1e864a5855d886057719f7d28341a50af671dfed48b
0x4A35796924f2b960917BF1506709c5dC35E107B7,50268362941981682,34984482,0x5e41551328abb4f8862f521b65a5372a303e1afd84b3234a78039e5e1e663c56
0x4A6d8e5F48E8d94901A90Cd469eBa2C7ed92aE89,22119521882250928,34984482,0xf38156c2ebd23465eb2d1c032fc6410b0f1361792674efc311b6f5aa53a16b51
0x4ACb6C4321253548a7d4Bb9C84032Cc4eE04bFD7,23273314871250340,34984482,0xeee76b38bfbe9dcc05b9e4b4e329195d367c9e6eca1ab4f2822bfac8af3e598b
0x4B21a4B2e88fE128f4851750811DFA9C64236a83,307100758111466777,34984482,0x111af1c3bb2c41803d7d8c044b41999ef00c324b6cd855eab001397959fdbfff
0x4B75fC23Dc360538bef714662F4138A4Dcd518B3,471153472656811525,34984482,0x662b1ad8247143b515f553d206b6c335383a58cba10110909805e7527bd68c14
0x4c5d896E30925676f8321735CEa3442a8f3Ef5e6,380980758221617623,34984482,0x470d01759fbaf3a4732bf89b9618ae8e2a1b2eea5450eacc65f0f1a24bb842f9
0x4CFD59Ad1d7236Af5C98248435B38e96554CD15B,113068199119409836,34984482,0x95bc0eacc81deaeca607bf9d38dc96b1fd3605f7aab4be6ffbdea58deec82e6f
0x4D287f95e56039215EAcb2913285ddD7714bDea0,126147280324082680,34984482,0x51765445349f74c0987607de25a1c99e41caea8ff14e809057ed099125c5d3a5
0x4D562Dd8BF1D9A3bd6C21b95d20D9382166ADA56,144612906935732964,34984482,0x88e351055d689b54176879a32e4aab69cfdcd8092c71f5125b5e74f1e076ee0e
0x4D6CBF442F0069A7640980f880Ed1715f0088523,57831845571525867,34984482,0x4a816d65124620ffa1be324ce5a25f2782597b1c5888a1dc30f5cdd538589e7f
0x4D6f16f6aA05241b0806A8B3Db7F3a1127777777,847917036538777259,34984482,0xa29665ec636ae12ee4eff3fc928d2a76231e613be7fbbc1024436109507fd9d6
0x4e20C9028dd384c9A39C73Cc3929681D29e3a085,23724580778790041,34984482,0xe2b181a6c7460bfdc83fd77ee139f3e100a2afa1d7820c53d6e1458a8341f3d5
0x4E4aac9Fe63D4Ff50C8b09D79448a6a39BAA97ef,9652447889572517,34984482,0xe051b03ac5d07bfb899f9b2c55f02f1348389cae56096830449d91ba3c6aa9ea
0x4f10e3F8679209DBab2654E15cBc1E0bbba66718,38974503578896550,34984482,0x9f28623882105d556ee4a0f1e34b30a8455511fad0ce8c4628fecc8bf4881fe4
0x4f10E7d53048b73aA11AC5C8fCf7425143391025,22150480202898394,34984482,0x8c20c03c8d609767a209806ca1e258c058a5839eaf061f9e666d03a7371ae550
0x4f6E73576F67754bf0d17f96CB504505Bae4295f,264360120938,34984482,0x51478d8cad3397613248fd6b2db0111b7b00653ea63d34147e20947468550e05
0x4f82e73EDb06d29Ff62C91EC8f5Ff06571bdeb29,626218858224788,34984482,0x2e2ae23b3c8f72bec6f5a42d10857ada1765d5a1bbaad7a7d876416b48e7ffdb
0x502B261bf7126b385C6db14a13Fa5aE4e7dF92f8,455461207970851463,34984482,0x22ea26b2c5ee7ffd0adf8da212715db73663cdcc0f8058abd0a192f42aed9544
0x508be6B491352D97917b25B3Ac3413B6f7A2B28F,138327032665448459,34984482,0xf01fb6998f735b8721330d1e30ee4716bb9a46992c7502c56ba67b6b49053df8
0x5098236043e2710D29408516F2Ea9670931F02E4,44978725599540194,34984482,0x5e0ab4ca340baf19069f2a85fbfd388426777b00073a5351694a9033c9797835
0x50c0f1a0E10fa39D50Fc0B5C70EB3a99F7Acd277,1356187207342652,34984482,0xcb49982742b2872b9b19f4dc78a28aa50eb81908803088be53b66c0026ac5174
0x50d31D668B43EB05CFA2e76C46D6F3cb8d206f13,636945394399004966,34984482,0x6173a73cb4cd9173f3b2fec47d11197dd9d28eae36ffe0e041d124430c0537c1
0x516aC603F68B405a4e382F08Bd5646bB07a29db3,940306487956272785,34984482,0x22e35f76b9df334d9ce282ad30c6f198abfcdcccdaf663c74b3b21b4470f8271
0x530b7e7DF6A5B5F24ABa1373E6F245C5a72f8eD5,174621143701875916,34984482,0xe81d4db20f7a862bde3758c95b508090e43e9b1308b94a1ac956685b3ce1ea07
0x535F3E0B2C0ce78a1f89bEe05984f46f2962BAbD,36,34984482,0xeb9a70df7647a731957cd3898be9d962aa24f85ac3d6204b4656112a08a55bdf
0x543516F118B741e3454Cd08BB65943566C260bB8,756220901267416138,34984482,0x1783fcd78763945c9e32695c6fe84c5ee3c939bd32383d45355f5c53cbf0c148
0x549DdB9583Bab764a8ff8f2B9e19e44eb0f23248,842181964239090048,34984482,0x8d743199ced1199dd31a4cc6d72abd0659d7b9d602787e05f7ddd94cc5282cda
0x55e88acA5529a31b4E9884526b1C7339eBe22204,50451627999108329,34984482,0x252b010172e0cfac2cd89f92624c3020206d688377a3775856b8be72193727a0
0x561A7818742874bd14f05B3f999BaB1FeAf4c84a,938763611865225159,34984482,0x149b66dc7b3d7040ad9cf2c2a9d3caa7afae504d80db1f4edcb7e4770fd031a4
0x56b03a53ac7F23E72Ce0a376a31440a2455D37D5,315497124167857932,34984482,0xef622a1a030badae67e389ebcc5f256b0d8aae9c9ba9ee2fc48013b9018be237
0x56D9Ec1fb6F00811E75A7D4550e027b0a9999999,14629628951178680,34984482,0x5bbb35f90ebf1a6f0d725fd769eea806cf3fef5a6779958e81fd895914eb559c
0x573D76cc1d4Ec44ef63778bF8C9630725E29C00f,29841067790441831,34984482,0xf32101f07cbfc1c7acc912748a55b49803e81ea8d233311baf8a94535e0fdcaa
0x58352d343c8352C63429F541615BA3E39127D3f1,42811564036157899,34984482,0xb3c97d9eed22f8c29ebbc202643893a0e712026c3b8c62918f583332406a7ce2
0x5882A409E306771A37e764C8879dCb38d8565152,561802482909260214,34984482,0x8c7d8eaa5444ae3766089e470e43fd324ffc814a299474f3c25d1c2bdb5dad61
0x58b984535e1c42E18Ceb4C320358350269f27D5b,735140324894133290,34984482,0xe410d88c770353d65f0f8cdf46fbb80ed6bc59d4adaf91738c5eb522d5c64f40
0x59C619B8d8aB49CbEc9E44ec4deF046DC6B084A6,672374370977744,34984482,0x69367e3bf4ef2341ceb54b08c5a49be0fd544ee84e9834837dafe83d6d1f008e
0x5a442E8e51f58fd2d48C6E4cCD5144F709BB28D2,385524277490302856,34984482,0xa7f2f0b77f17074ce21a350ddc3407d1d1393a96558d290f5a4e1993b9dd2d26
0x5a8a67ad0D86bBeC91Ca694c54EF1Cf8c1Ff6676,443489986536318494,34984482,0x004926b8d2e213de7154177ad5f602064e821685cad382b6f8b4e4db8203d19c
0x5AC40d0C951077dB2c2de53b288Ad1fbE58Db624,986271909695673571,34984482,0x2ccaadb6ca8a12425091c6b67116b8937a9740d1b8c68d438ce1181c5d55d50f
0x5Bca4075dFC8065235cF75C6b15B410e62845Fec,955557635089595298,34984482,0x4ef2dbede551b035f50862f70fcb7f8e43bba5bd4fd4d5887b07580dba985236
0x5bCDf1362C6a689c5381B0a56d9f23de7BcC62E9,4414232878184911,34984482,0x7a1f877a4bcfc2a5422489f76cc09e85bf799efe197b020937f6519bca4c9265
0x5C9D8702629871954Fcf63Aa02933D6b82AA4A3E,16656515481301798,34984482,0x9227ed2b56073e5853eb40c3f64286a29369f69e51c60351aa492bfec7045287
0x5EdD4bF18EdB9f7105D32753ECC1959B9fDf30E3,409885741841841538,34984482,0x81e635bb87f892b61be63ce4a3d3ab87ec059a8baedce50ac0c3173753b94ffe
0x5F4C6CDDE783A098F8bC88955247695fEF567F8c,4111591506639937,34984482,0x2849244c356e409e71078091f5321bfa2728c08719651a3c3118e24a55b7608b
0x60b6178615bD44737A37c116F460A4CF4bE9088E,657684808725843095,34984482,0xe2ec98b417616cf35b36e66de7ae473854a184d4edc0ca3a10cfb0f868da22c3
0x60Eec6DE164085d41B2CabC5e8A15244B3fa152B,152382048061818247,34984482,0xaf0e32423bdc6f99aacc9bcab28c1997678ff947dacb5424ddab8a35d8cb6651
0x6114C88c854Fd7Dc777D396f4CCF2de431d2Dbf2,39943666846368118,34984482,0x0ec94199af25fe875e8ddf97fff7b2162e0f819b0077ab3af6a8c4ecc8c51c3a
0x611cBdA25B60335aB7611146bd7a1a5361a6ee5E,743375223511483727,34984482,0x9fe931807235c5255d1993567a42b2e4aed1017f26e18a493286e77104dfc54c
0x622B0ed5cB7cF6b0ee9e14CE958A272f06602537,938159200448895070,34984482,0xe6a7a84347606a9900e8471eadc7db1abde5413e26422ba663fc721ad68b6ea6
0x626600e9f104eEA6eB45BBD3150AD72F1361a8D7,19725384335098734,34984482,0x09bcec765d6c06024768b4bf110b3ec4b928c78b01825711afec398e827c9e57
0x62d567ec1C55Da57BDA56d63B24C8CAEb8260937,21795012260499675,34984482,0x043a459c47bc315d46b8b9baeaa85dd7e0abee0b7f8cd68cbe77b9983994a4c5
0x6321Cde79Bb127c21c7c1cF49df6dBF193000000,225108481862573464,34984482,0x8fb8aa55018a8eefd155cd23b1e2bd4dc48a72df8ea5d453526ef260f316a776
0x63303a60d34EC93c9744131B15B9A440107B9330,524297131164211451,34984482,0x6d46311ecf7112cceffb5feef55f21e6f50b765d56407e2dcb3790632108b1d9
0x635F5B5bA390a1fBfd680327cAe30Bf2F0577947,93,34984482,0x20077ca28c056bb25c78cc5b2cd635ca33452c3d18e64a48878a724e3f311cd4
0x64610bF0b0B431321F9a37d62f8BF0c2e01c97d5,340532366292076930,34984482,0x09215e158b8929fab80e278ebf2e18f690461029490d2beaa71adb2b037a5dca
0x646758E8B061381A59313950A0F51f277D8ceAC6,619767006989679686,34984482,0x068c60b0cbfc6d25113cfead0f133bb8a515672113c71b6a61869244b26b3881
0x64dC02CFE35189F8644f6429002Af6AdFb866858,109546749245694126,34984482,0x6ec068ca371a7e99362a2fc7b4aa700d3ccf25ad32f01fd06ad9f36859de4140
0x663c610De1a8cc5be4854C7B868233351651dB36,137831133590591887,34984482,0xa04234b2de07e8edbba7a4e6eaa4c4e94c6471b0e58f3f235ddec547fbf58911
0x666666CFc2d03092EE15e17936E590A498DDF734,31480604403240671,34984482,0x4a02f5459aacc7ab42514b4c9b5333fb97aa9443f669e60daaddf4b5f780ee67
0x6719DB7Cff4F6292B8f83Fd41E6Dd71F647D2Bf6,16439861438642281,34984482,0x5340e50b1d3c1f57be996e8456a7891c1ff8d723ddc0350012b4b65e2b9c8926
0x67FF5B2b8421c18A24BCd0a40740505687777777,37,34984482,0x228ef77d1eaa4ae54d22e000e91d18236a847ebdd92cee2dcec21e0db74e1fbd
0x684eB392BCCDE96b9d2f6ED5098dB850E03cb26F,4045705898677723,34984482,0x3b31f9939d2dded1a5e95a149906f59a1af36e2062986db698334a917ef07215
0x688eb6cEEd105034275Bf49C10BEEB01E8050398,10344483201954979,34984482,0xaf015a247c59fa2a60085a76082771943b35095d78fec38987fd3ee1985056c1
0x68b48FFec961cE54f7aF24A56032dec01D7DFe50,114165391425906793,34984482,0xcb6be47118a37c1316853a6472eaaee16567e6a0e5af5638e9f1d00f242ade0b
0x6981A22A6EfE33E2572Cf98C36cCF9336D657050,55006055007839094,34984482,0xe552b67067e1e183725f469aa40f4a5bc3a74344c377436ee50903a0f6600346
0x6A58e1A8e3d8Fb6C9b19483Dbe5fc50AA7b5dA27,103233058796040,34984482,0xaf7b57ab1fe0f7b8c9ab4d87824348ea8bcc338f68d1368b0f5674f255e29d5a
0x6b06FD0181285Dd1BD4b3cfacE9E4a6685DE0C1a,912978774803709726,34984482,0x643010a0c8546a2b2f190f4a7aa00408e2778043b25b5a6f04a5a79fb5e0fe4c
0x6b33716D771CF8e1a7B80e05A5ed25b75d863e3e,6489151638451827,34984482,0x27f12b5f6cf3c27b1c91b9dfcc277bb8db66ccd605049e88aa56efff50e8697b
0x6BD3e54De74121B77E37d568EfFa492331C01D58,46573565121100458,34984482,0x8619f668945cda77f19ab0256470640df58183bb77b64ba4cf8507c41c3413ce
0x6d3C93Ec7D3EbEA30c91bA044Bd2Df7D01a93E7E,377132034156995213,34984482,0x8ca807106b7b2d643427aaefdd41f288b2c39b3e0256658165cd24ddead15733
0x6eb312fd9c652bf9D77345941446b177805F03cc,251842269908553313,34984482,0x1a808d5c71a218b5878418ecffc1380ac01125c51f742422322cf0262834fc48
0x70cD0f71C9c6c78f3890E64cE9a18ba8fa783fdf,761125607450007358,34984482,0x81f7aaf385ab7149b1cfa883f76040b42d34af48bf82f9647af595c605a862dd
0x70D68897272e6FAac92E219bf14B00f702fe79fc,155437190300734852,34984482,0x63de4e87285218360f9f44e4d3c6b489068808cb5f87a1e46e89ba0a5c6343b0
0x70d94AA3AD899b5456E8B1199049F98E2aB36A55,501182477188232901,34984482,0x789e7643aa77d9088c95240fa5113629ad9e2fa3dbc792fbaaedc81306f55e6c
0x70e4A707BcF3B3750c720FDE27Ff937e56Ac9c4a,135515390763742965,34984482,0x89dd5af596f165ee81f72ea9447d6aa3a12b41bb398f045d27116e4f0cebea1c
0x714ae4F08C5d5d74EAc276DB05dB8D84068E917F,99347415249107271,34984482,0x97a5cf4a5b6f12e5d6747bdf60aca68ed33a82cc2dd64da5919694a2a1b86f55
0x714FfA26d48D0035Aac8d44156f145483606aD06,6513697951954955,34984482,0xdde43e155c3aee8da16e6f6b5cf689e5726019311cf4795d9ecee304acc9c0ec
0x7171E64E979265aeD6588577D1c6b60A701d7866,753182950686516748,34984482,0x62895f2385336dd175b860ca7f74a70a24a64ce3680018d4a0d2a95c4335ee26
0x71794AA1C622E79c5B4d96A880F983e7Decd6604,308064449984786615,34984482,0x80093e8c2b364d5741d1c8eb5670f4ad44059c416baf37e4ec66379f99f01858
0x71F9CCd68bf1f5F9b571f509E0765A04ca4fFad2,532583849890139582,34984482,0xfd2a36b562f2cfca6db9bd7c84e857ea2212328d2994529e2ae4f7d6f37f6e89
0x736AA8c40a8d245BB0328Db870C0106a7898a10D,390209118634510314,34984482,0xffcc92a495c2474a9f3e0da0f9b613b16bee93108dbe1857a529d94964c857d1
0x7408D000C4631F71958C93CA29299C544d285Dfc,581536301594567629,34984482,0x16b042a7d785269ce3c2898671adce19f9d8c81458431afb60856af7c850703d
0x76303a76B6344d635903438B3b4E7affB6E021f5,27165559437012185,34984482,0xcfc5d49dacdaef6e38be1e9038e9dc75ae67fff25139f4408f6a190bf05db708
0x768fABD98Ba174EaA8496c8078FBd5B1A20A8177,181491339171701119,34984482,0xa266ce697bf5707bdd1b57b9f41f8186e64bdc4a5d767c1af67b922bfdc56b6f
0x7734bAa36834C901693f28bAC47C6e8Fb64A1177,5870983749,34984482,0x3a24a356eca0f7afb67a86b752ad9d94e428e3c9db6c2ab2c323fe6e95d54e43
0x78abB89ba802f0B3794298339D668B4f2C280455,269903754836777389,34984482,0xe4fcc21307725ba8bf91afe833d69caa3d06d8427326278087ce2d13095a79ff
0x7934c57aCc6a0EFc48B282a7E85f9B39BFc6cDA9,78080807162544644,34984482,0x60450a09cc5e5f4da1ed72b9c261da5dad983dda81cd949affbab59c8f1be2af
0x79488A7a6a9B062eD3c34Ec2a4fbC96912c40fad,77557577503036894,34984482,0xc35912620dd5a07fe535d82ec636f11b1679a8123e01815300d5a7f910355dd9
0x79b8De854849CDe48Af21e28cFCF049541894682,170118004223700262,34984482,0xad5d72e2f7bdb0c69f686b378b05084a24cdd664690c64775a4c7528de1a7f19
0x79D52e9aE9f4Ac4c1377Dbe0959ee812f2d395e2,347260785417210156,34984482,0x753704e40e6b1dff4d90ab430e6d332b56fa0dde067f212480d70a8cf166f21d
0x7A49722aE043bBC31ee65BB510c81AF5360Bc8c3,14646856161473537,34984482,0x8ed747ea042b01a1cbbcb4cf11a656e6740af1d913ae8d124c2bf55309aef372
0x7A8936abf4Bf77Db0B9cdc16eeb882CAdA259Fb3,301941831419618348,34984482,0xde1a6bc7795d5b60d1b685fbf1113cfa6a0d13f25ff04aa34aeca3248cf16e58
0x7ac2A229b348E7664E895558a583004b4C7d3f45,695252671582038117,34984482,0x493efbbad861b8e33dddb3593e1972c9ebfc02cf8d1c3b61bcf50b2660e58252
0x7AFBcB572e7b0E67879EE3cCCef8Ec012dFD6856,377656950714451436,34984482,0xcda95e1857fb6030d79baddfe2f073a8cd6835740182e1d0d3610ed2af558b00
0x7BbeD6C80217f0b2b73A93EB077e0A4B68A49c45,6380176590837942,34984482,0xf3b7cec3e89f336bd22e6e9dda726ce22e25b97e3a642ae6598cf11abd2bdec2
0x7cA9b6c6D003C9Ea60096D29986F26fC1B8f9E11,600660706348521619,34984482,0xc886b4fd9efd9997f4a7b18d2a4bfbbed8983c0badd50d4e8ba7104a160b2b60
0x7DA83fb4a615cCA4f33BDa35aaD75c0c7Dc1c9ab,12073179530298331,34984482,0x250a8527c53c02f05b35f3cc8b3170ecf053b7f57315918512d9ac78464b48ff
0x7E5C7f9E01e8b393FEe9cC59f1Add578eD6FDd43,18053958122508155,34984482,0x13af6056905c02be5f26bb3639ce9f91cdfa6c7a4f608d4f26dcbad0103ebfca
0x7eA013EF0DD4FEcFe7bB7cDFC19528eB3f2d58FD,782448321117386,34984482,0xb4b4d9773232658cb4bee187720a88117cbbf758525b96d92a6a47db819b2ec3
0x7f3e4F661779eE640AcE6A7F9D9450C243673614,99347211085979403,34984482,0x5dbf4f2c5ea883e9c1f9fd2606de9d0c73e97c12bbbe78cf0eb28d79317a6f82
0x803Ef4352FD0cA9ebbF78D50c81da36121f1e0E3,96963043797816585,34984482,0x4d75d1b7d4eae2854a25a2408af8dea2fa1e7ee086b48d1f5075f0689372f759
0x80F8F79519acB54Ee85dB5Ab0e5dd1e3097Cc7ec,151366450791702974,34984482,0x95bb5e0cfad8e8355d7a955f83c751674779c9f7296858d8e6ecc2c512c3ac28
0x8236f7EF3780979fa6b0899C399e077488F8b9D8,6157048189102419,34984482,0x50393e8e36074511ec896faad261e105db5654f1cc9e95f0387af650c74cd247
0x82386aC12D343C5E2cdA925A0989989eDd13c4A2,422619759599057594,34984482,0x5ead2e332f8ae5cb18e93b5a0b187d8e23ddf7e8d4654ca9b510b45e2f410d33
0x847c1B4F34E93D2ae81B9D099c3E52F53d9aBEa2,17783296869862677,34984482,0x090703b3a3afef1ce0385366cbef325e1f473a4cf98b0fcf168a037d79d8d613
0x84aF181c0Db964B3418d3b89DfA064b71852851B,7895119279323448,34984482,0x78a433beca3baf4fb6859016bf40cd3bd2a5cfed7355c084a590eb4443348737
0x84B3F790B020efC104089b46c1D75AD5ea26Af64,1833304940731048,34984482,0x4bb6742e1672d5b40f85fb7e33c34c2347d3c57647abd0aabd1e9638c74b081a
0x85B605B47A5323912615cb8Af834BB1c4716b794,917052716467652160,34984482,0xced5581da7eb19e7dc1de4ecebf9fe9b19ea3df139a6e98be7494cfa4ad20e59
0x85baB58182906281C33800A6F615133e6Bdca329,3137412980427829,34984482,0xe03c855e1274225156da0b037c9d3a72691b5fbea10bed16f6f50f01a3576240
0x85df2102762f9fD88C7bE78DC22cEf45420491c2,2997900675487704,34984482,0xe51e778b9b1e5bcd69ec3864031d8c88c69f77805c91352afd050a26fbf793f6
0x865Dd1426d0f57C0315FF3AaD47De59e2BF9e15e,432393461476282216,34984482,0x4ab31b22452b028ef6abed29cc04847eaf3ef2ecc2ddfb2e8a4912aecd38a46b
0x869DDB33dB54DA8581AeD10483b8BDe0490A1502,351762161588370921,34984482,0x759226e546a791f6e07fc7d25331872e9338e5705dfd051ad8c9e14d8de95725
0x86C1485ea4A1f04CAA1E8b4eA8198d324abD70b3,223055934796257089,34984482,0x012b6fcbc36e0b71d469acdf340b5b088cf8afdd10a81c56c2d5602371ffe249
0x86C8C62Ba1Fb79E233bfB977cF0f6c9686E45D12,163043941964325175,34984482,0x8589e0de4a89a07b1f3cc546f0da2a1228c2afe5e616c12ff9c6c8232619c51f
0x878ED5d91329eB8E024381f4a66218A60B6cC1A4,145406163180877967,34984482,0x4d3e5a71f00b7af21ca7b1016b5f5b8de2461c531937e3ad54596903278b1ff0
0x8797A47a9200b52Ee90B4c5b5fA5A0DeD56dD5F5,311700949155073613,34984482,0x2a7ce0855d9b33a94c8301e2c27dfec8314d9d962d67bdca05e4bdc7946ccf3a
0x88730b72FE6099453868f9aA80a6fA7b8253DF8c,22639672356151931,34984482,0x04b33d6c87b6553bd14bbd65585b54a67ac951df6f92499f5ce2a9471ac7741f
0x89Ebcf0469aa1736d78E5Df71E1eD10F31B88B1d,268887917494265181,34984482,0x38766fb3b3bca90a757b5288176b3e532ed676e94c5d621c960d4d4262566788
0x8A3E6d8E8D08F68D480824646707D463F27655aB,609252854226559010,34984482,0xc4ad37d1015d16e5d359920732aa4021c11e003f306fbbe3f3ad6eecf3efd15b
0x8A57bBF45dD1eeFB4F4eb337D859D3144dC55b28,2036184189629169,34984482,0xeb350ceff2ad2999de54c836ff00c155cf6163a75a7af731b21a5b67be4c7cc2
0x8Aa8ABF3F76AE782d4ccFC257210339B7A07DE99,30083864169073781,34984482,0x5d212b63576d3e6fb54254918c618ed40ac3fd20e5569a7645ef277a3f60dbcb
0x8AB839bfEd56131CA674807bDd0F51Ef165Ce1e5,81,34984482,0xca9fd7cfed5e0226f9d837fca4de41c6d4447375cfd10560acc986612aaab3ba
0x8ABd6925DccE4b8b7f6F8F0f51bD0CF1B2707357,494948996400558825,34984482,0x6147a59e05d9cf554cdca862e089d2d8937db5d244dff29846ff328985e1fa2d
0x8bE3F73A170EB7244e357c8D1Dd41696958340D6,359224718047027712,34984482,0x6b8b34a83ec3d33eba5100bcea5c8c8241ed600b2769cbe27c14783a91379ef1
0x8c70a920Fbce1df710C211C55fB3bFA268203Ce1,367851938867398676,34984482,0xc86224044fbb3b880d891db3f105aa1bcc805739a2e83ec7fb74aa6fcf6ac62f
0x8Cf830d871e9c3e2d853635A83C4888a1E924751,3965044589226335,34984482,0x48c1f818a0530ed933f9a71c7972cb31fa29de3a6b88316ef21e72eafc59fa73
0x8D59983aF42CBa2cEDEA15E7BFDb0a9Ce460ca7f,7898897479152900,34984482,0x26012c35bc2608be42ec0722a882c109926d9fdbb2db4453c8c853f16ef5f23a
0x8DDf5ce5C373F18c3cae5C720250deE928C5C07d,494362980132593296,34984482,0x8dbcf6ea579da05891dc2ee778ddbf1149e66e081af6f250128c19cb8652b7ad
0x8dF4D0d65B9c9D9Ed8Af33030122aCC760ebACb9,332457886734938,34984482,0x75ef841e7d65c6c661f1c5122821e31310c3016034ed43bae4e5d70a167d9942
0x8e17D17b46e67485603136c02f19f40130cC7049,698059311947066740,34984482,0x284111168796fe8ffd58b2f8687f5467ded4233593c3025b4da35e7013b43822
0x8e8f84b84102Dbe31Fd8Fcec07d8eFE8cA66e79d,51672924632601689,34984482,0xf5c841fa2c40203315f16abd5d917a541b7e8c1c637b8336316c7c008846aef9
0x8eB7B54BD482765C1d821d195df293FcA380B90F,11166533528994171,34984482,0x8a40175a82199a0dfc779c7295c74f26330030d58c411efde8c053ece57c67a4
0x8F10B468b06c6FD214B65F87778827F7D113f996,1,34984482,0x79517f6523081687742ca86ee7b035ca774ea33690e70aaee36e0b0769aad458
0x90421BD820ef91260B561525c3868ea3CeC67A03,54615891500650028,34984482,0x961561aa735882b8c80beb28a336fb7d755428314ba725e4e8b8e5ce35f32653
0x90E22C430509705B9678eB1b7457223c4b879a2b,80551341380327476,34984482,0x94de4950698c9177eb1ede0efcde2dbd65eaa7b676a7c78cf44e62dbdc0cb046
0x91d122dAFCFDd0b19eD9cEdCcBF6AEC2a147A3b5,934500539700451579,34984482,0xb2dcf35ae9fb8628eb78110719d97c708c35e7042ec4bf38308720152923b037
0x91d810438D259DE8c20298C4662ed2E9fC8d10d4,42796772325785059,34984482,0x1bdb1788db87639fe66a2d2c24c2b84693aee666d37b33429bfb47f13653de8d
0x92Fe04474DDa4bcB1f08742a645693fBb522FAB7,294574125093780834,34984482,0x5a6399f427e825fe2aaaef012d1001048fd67d56b7741bc0c7eb1857b06c7423
0x9355B4e329Fc0E2e6329943A2307030DA9AD8153,64945046631498499,34984482,0x34d27def0770e804423dd6cffea5a87ba3619d725942813974b51f8081e3280e
0x93ddA8BFA0F91AF4e23a5CAD662EBC13649FfF5F,222160857052299015,34984482,0x81926b6fd475f4122f06e68c8272e287b6e80e707c3bb1dc291fc607edadb6d7
0x93F7ec63f7f29A301C01980b1f8506d7F6Ff3D78,206276381547144819,34984482,0xa39f447b5bf8fc42b60b4cccb3d3df89f4216fd84d9df52f95c11a6d6720cc63
0x942E7F82956B17C6d735D8404D24AEd30a816160,218295858991140875,34984482,0x4ef58ddc80ad9d1fd40d9594c3b6e2a727528769b9c4bd7330c23c67e5b2b496
0x944ff9584ffa0D8755eD5e2D345b1EcFBeA5E86A,351252103006801208,34984482,0x3a02e6e4b1c9f3965f16d73f5f3beff4a9da64df8b8861ae1d77c51a89bc9e35
0x9556fbd010dcF8DAFa5c6082C9c146e537d9Af74,851077469793089731,34984482,0xb4ce648eef24af041dcde0a73775c1052202e34aed90df971a33666b59719e69
0x9563CeFC253B87773786F439589cF96B333526e8,884339108245411458,34984482,0xeff01d43ff736e22006c80c24f3823f501c09464030a6bbca021ad3dcb8b1f60
0x9689B11B77D799181612227e474AF7da3F49A3e3,212902964178320850,34984482,0x31af4ae3c6db00424d5c325f757b1f9d435c494329272cbb6e4570e950e54162
0x968faEeE158B1b382bb1B0518AcD9318Ef82d73b,130796377801793779,34984482,0x7d67b01471c3d40668cfc5a1683cacd50df222a5a9751d4f9049053035064ae4
0x96d4DCdA8E116ec26905900e17CE2Ca60b9E74A9,106570960892108390,34984482,0x2958a5148efce654de87e7fd0da4a6d8eb4cf258a6c43c815b5abef6bcef62ec
0x9785234D75b7a7C3d8EE8026f1AcF67fAC14f1e6,2818677834394100,34984482,0xddd94a4eb946c3d90cbc3dfb3961fad17c108b5a3f0a5d3221f12a788e2973fe
0x9863058b0369F03736d5b1E863d4Ee26559a400f,966504998839674843,34984482,0xbc4d837d6b31a6e9bf27064035db70224d4318dcd478a9d809a33a9774be6109
0x99514773a40f64e52ae3014C7836Cf0E703Dd0b1,3198125217138538,34984482,0x7800d432cef20b96c8d1847b2f2ac919947c364df251f55b8a21f1cf1627403d
0x998FfB08391Bc12f9CA4B0c4993802a0F14B9999,111095490559789003,34984482,0x27628010f3ef39bd2f0aa9f4dbca8398811f3102ea15e3ad87e684ec07b9b9b7
0x99986bc9Ca50124a0D3D1ce6A8aB8e5559BC9999,81941536542641644,34984482,0xa59979e4fd96d688f1404e70f4eebc9b112833c60de237463be406fbe1ba2bc5
0x99999999995d964fF2b47B0f3A0675370905131E,365309884508067125,34984482,0x78ec7e7bf0cd3141e0ae8c56430297fec1fbb734d716c7f0a86b8e4df03a88bd
0x999dd3Bdb875CFa5b0817C2eCC2c0B8379999999,447973023612333223,34984482,0xb2533d266f5f821734012157d08e4e10851b540dc403924e9a0bf09c9a443987
0x9BDF1b044642fBbf9Ad39A283Cc1DD11FC960646,260017597513618222,34984482,0x2b5bf310c6ce5074eddbc42514882824b3016693f249a3caef4cd822b1e58d59
0x9c3d34751CbDeF9b72530D33Fc40Fc796CFed1b9,280573706957539045,34984482,0x86b111fba9c480dde3605949bc21c5d93226a4625a032a265e77a043133ec4f5
0x9c8FF2Cb10EB8306c98765ae3f9B2E8a4C6233EE,250553566723447058,34984482,0xc0e70f2cab33efb2b45b48b48c5140d731a3412ce317de06d72bafa3f9f977e2
0x9EE2aAcA5e2029D538d5017C11578F1dFA0556Ca,17137184868329184,34984482,0x0a2e3fd4cd0b037dab24f3b365425b3425c639b6eac44dd66b17d966eb60270d
0x9ef02557bB81557d5FCE437b4FE59b08C724a5D2,163213369571380554,34984482,0xc3d931dbb673b4adcb35753be14774181ec24e6cfdbad4085115b62c4dae71b8
0x9Fc71AdF531476BCf08FcD31e6eFF5F52c2f9Daf,471405431421483615,34984482,0x42f096b2ef8b6d3d01f8bb689785a83f1ee1f8ec6af2e571012e088650b6c748
0xa05Ec35F7D1eBa823cff2ED26AeAED419683742f,255376203913177935,34984482,0x6653b5b0f924eb1803ea540c2b88e27ca822fd74ce772d840f58a908551f3a60
0xA0cDD98f639A36Dd504F3694D489C0d8203142D5,17532209407928227,34984482,0x44db885fcf91095f475333e49ea6c829511bf5d5f3c8224e51a3baaef6d067c5
0xa134E5B2845D348dC3070c06691988E221B9f2cE,10199554389455376,34984482,0xa58bd59ced81a08578d7722eae9c816cfa15edd13011472ca25834171c1d9240
0xA181a3c3460Ad5a2650f380352e3E68111E3D60e,10686181082441277,34984482,0xdb9ce0efbf17c852e6b78f2db2d8de5e85fd88de082b129ebf6da75a7a512920
0xa1a24Ae196B4A2EFff539c17Fe2962A836190Cf1,122044922165645723,34984482,0x5eec914ed751d42ac3833e00a03297b7b4c408e7ad25f5ce013c70dc1fcf1724
0xA1B9e9fc8872F6000367cc585bA213277E490315,491981511325958495,34984482,0x85f35f13ad4f58dced559ef923a693ea894c7315296f94301ca112f8bcd789af
0xA263B9FA31820028e986830506712f8016c016F9,431386197374173399,34984482,0x45150369ad0358e6726fe5cbc9df42cda6db23cfd94ec9a8aaf2f8596a99eb8e
0xA358d248898c50C2714f699f37952630a85DD6ea,378572261609820295,34984482,0x0474c69980b0700eba816d9bd9e7b72aa094dfd96c6e34d0122ab999a86fe279
0xA4074Ba612888227A9b9ac15cf7918F087A0DC47,966409637123021381,34984482,0xdb3405ff8fe492a20d0fc89b4287426989d9515681059fec5cc1c24a0bba2980
0xA4231BCE4ED13E160EF96829B059839B07fA3591,64978082519108606,34984482,0x90d753ad5b15669d30cd8c52734d682afcbdf6d6bb3ffeb80509221e336e89cd
0xa44F1C3454d7B0b0cc38F26015537b111F6be568,10878691836789439,34984482,0xcb95f4ff9abb86570fd8a253609c35c0a92092ecfb87045d372e949660646202
0xA4Fd253F9309DEC87393c92A6E305DD2D395A20a,755908345401878905,34984482,0x1a5152771b979d02f2b3f136c1b11a867814b6a205d5cecd7bc111ab348a0da9
0xa585f42cA4748022cf89149cAfCF39f89e64BFe0,140088516249922395,34984482,0xf44c417cc254aa3dbed86b768f94456fa048b557531904993521fe99e47451d7
0xa64c2275080a04ddB1cfD2fEA117A0Cf46E37Db3,374771894383272092,34984482,0x8478afab3910e0e5fa32745141ea989efc215453ce8abaa40c1e5c1029a9dec5
0xA66319614B0232C2c47a8E2786D3e1446ce00589,794881823039308480,34984482,0xc0cbbadcdbe278fbdb7654c5a0b6bebc7b251e766d917de39267188bc85f238d
0xa6712c63B72F647028c1A878089736C7cE46AE23,8053373608249959,34984482,0xa5a6499413b3b3a844d6bdc161031991e5712b3b99358c3a2f5444295996500f
0xa6bb40f4B684C3bd8A08b081ECA34d3f4fA0bd0f,969168091907438469,34984482,0xf0700cca52615ad4f5b2835e03be6e27c4ddd9fea0d4a05c7a5b489615cdca3a
0xa74257dfa011E1721070F679b4f4f7ce536eF8f6,54506217208710987,34984482,0x8759ecd81c2290d6a479d1607167dfb6a1c9f566d37984d05f475652ba6fc597
0xa7dd5B9C977d7a926d446d6B939bE48b93423C34,323983443261132128,34984482,0xfd785a50a258eaf8af01f4b92c0e3390bd41bfed30cf6911bf46afbe5e1f7bc1
0xA7f5c35464f41cCC9a227642AE0dA88c79564B32,914642655007387703,34984482,0x6970c926a5bdbdff0c68333229025cbfd155e33ca9f1642d42d8da81db1be89e
0xA83B73f5644cdE337b61dA79589f10Ea15548811,205929429137275500,34984482,0x85f5431ea71dc36463f07e887ea85f4fdbe0b12326ce971b550737d0c62eec6b
0xa8a681110D5dd2D57d186BF23a400Cea6a05558E,748406501481162871,34984482,0xdd770797ec3605f5b1d7b4071145cf327ccb6e3fa1033634f82de8d21fe2ddac
0xa924eb14f3ec07f1940AE4076CcE9F9859044dEa,140162521486439063,34984482,0x93a72a53234c4e36473f27c4898210b7a0ab4bd4dfe293948936dcf2b2197171
0xa99207aE9a63841Ea91e02676094aa08634D8639,19438888224550750,34984482,0x20b88324cb79e87fecfb23e0bf97392cb53b9d1843381390def96ddb5de1d9a5
0xaaB14D6d60e6F693f7F885A1E8C1a47F46444235,201142946788520372,34984482,0x0f4b94d3d0638e1d2b15a73294505f19bb1573dfc8372c5e07c9c084f5831991
0xaB0cb052D5362bfE5df39ED8F5302Fa02e116027,493719683963765640,34984482,0xe98a2d8e4c235e9ccca8e65dff8b75615ac7f120f9d7de20a7207e803d73eeae
0xab7A39Db1019ABa3D67D4D6CB2030A452Ff4CCb3,2,34984482,0x2dfc0ec17911597058e2e24b41c9e0c5419488a63e45be669bf2737a9ea24999
0xac2d9f5d9C17e4279BE19840ab3704A9c40Cb4B4,271515381361276354,34984482,0x46d3bca59b16486cf43f9ca0a852afdd631efd33fd331b3b920388ded0b3f25d
0xaD01C20d5886137e056775af56915de824c8fCe5,11434704230056168,34984482,0x1f1167de7e0620b8963b5cd964637ac7b30a9f17b92d6052c023d771c7959dba
0xAd24967346087A643CF1F372788A8DaEB4FBA2A0,174291816442484792,34984482,0x7201d6322a27866c874726b7bb66695ea49d4a1970d803b5070556f936f82963
0xAF74d99DaDd5A520318F44Aa3A4156C94aad307d,943207846381492377,34984482,0xf7102084c6b9a06f734dd6051585ad39b9c283c1d2806b1e66a75b97735fb2f6
0xaF9B245B0A1EfC3E94eB7ED5d09A841649712390,398445738440165779,34984482,0x2db51ca03cffbfc56920812e2dcc582875b6f8bd3155e7a8515380e285ba47a1
0xaFa0aDb782345AAA73d9341F6b5C0Da0afcedeC6,302918558644250137,34984482,0xead561e801ebcdb4088008f9aaa13fff59c6e5e6d23a1ce790c8e876e0f20647
0xAfA9a53C81CF0FBD747A5215D3e567dc16AA0B93,377020948420469334,34984482,0x0455df3b8c16a103c5eda9a9722e24d6daffcca4add166a2dbfdf667a7fb58e7
0xB0729b80eD1BE67EA096C5FB4E155b3d918282Da,457074368252617844,34984482,0x5839b1c5e13424f8340b4f94de88da3872e79b2dc594c54e06494380f0f5fd65
0xb0dB3Ab0d60Ce5e838799b9D0f08124309F3994f,175029373010324907,34984482,0xb9f89ab11e2268a2fb9344ffe202c61c59c8d997c0132ada6b869eaa55149313
0xB24796412345dbe99D9873C98c9d9ace9479fc71,331554300848862440,34984482,0x15df632bcccb6e1f2804083c90045f1bea98d5166843d6c8361dbb30024b83e4
0xB2542b81dBAee787D21bcA9Ce2393180d209cEAB,258176500132138736,34984482,0xdb5ab8a733d71e0454909b9744f5fd6bc88e499f99290080bbce8145c3186d8e
0xb265580A69C9B40AE89BeFd737Dccfa1F477893D,325679747663217995,34984482,0xb947efdc67a73596f6e33a9d0d5646bfb1bd98b0646c43693a5c912129f95ffb
0xB28CAf14827255d4C791a853732bFF9C938b2cc2,646680758054295881,34984482,0xc9c5f9c7169df1f417d55abd10bb7f41df009241ffe2537909c7187e0cd2261d
0xb2F9B85b8ad7E2ba37C076501B03B842c1409878,65783741949762793,34984482,0x670c0bab95470faa89db1efb014542842d30a75616e6ea3f68bf89c5ca3bed82
0xB3102b2782459687D4f6012089E055D2a86949A4,599634413150870953,34984482,0x9c89af7119339dd248948f1d26d331b96b15dfeda267a9a162148d6c4c71af65
0xB37FCb9607B2636Ce692061AD3de99AEC5d8435c,173806669868648017,34984482,0x3e50a25def85a73f312576f81096b656e57bc0233bc7294449f95e1418b7ec45
0xB389F0641cdB5068305dbe7C0554e15ce12Cf656,327930517285250120,34984482,0x3ff8e8987021fae0054f8ec0711101d5dfce517068e1dbb14b20545322d10fdc
0xB3cBd0229b71494c3c9Fb3cc6a4750C126Bd640c,13954058043716689,34984482,0x8016c3d44926c098007e95d8fc44410486945035f09ec4506274c02d782cb477
0xb3cc4EB50aFb0E939Be973B5E6D3113Ec68bc7E0,22552780543790862,34984482,0xd47a5ce838801ac49c22210f12a4718998e102b58b722687f4916efa660926a4
0xB3eBb31349E230c15199D0c8479E5d3Ce1607c0A,232851622001434753,34984482,0x930b77059d3963c4c1e08563209eb5ca14673c08ba42c04b9e0dbfa339f58cb6
0xb4E0abaDECcF8dCa7433Cbf205DD5f92086a7bae,6638482038683712,34984482,0x95c5eaad860b30bd6d2973ca963b47be55975719101869af04742ac780863a97
0xB5105B67653b7A00B7A688bd6Cee757963E7f2b3,133534428238249718,34984482,0xd5662763af03cae50cb3b2f29b0a7f144a29e6e8ea0b482bec6ce3bed38aa877
0xb55Df3a73E9f8bc8E41E83f387695EACDaB269D2,732659212900337904,34984482,0x796feb8f0815bf84133e222e617e6e1653dde3f1f8486d16492c0c5d83b25ecc
0xB563318267d7389D01ffeDb357c8c31c88a45150,206381,34984482,0x3a02373b8e09d4ef432650949bf4b216dfb530c77a56804992dfe64541a4abef
0xB568c1f18D80CbaFB3267976c0B95EFe76B2b38F,413826029385603315,34984482,0x541e1699c611bacda431877c62d85248881a5a10554d12d1483890cc9514e191
0xb5F0452bB5358b3e2b73a8518EfED4BF647c8D1E,290901336530103984,34984482,0x72a612c6546e10ae8590d083bb206ec9d2b2f939bc07f63ab6614ef75bd74189
0xB60453f825414620eE8C815A664FaD52B1030d8F,499013270558575953,34984482,0x72b80c86684e3dcb39c34d4e220a2ec4d3fd3e0fc0dc4e1602c5bdc67d557299
0xB6CC67a678EF9721a32DB3548Ec227109f69099f,234855037756609654,34984482,0xe33b67171c2d56ed67cba126e240ae64682639f62c8d6f36efd134554f37dde5
0xB89553f3586aD2B70fFb749F9aB908408EA0A998,15,34984482,0x739732cd839c45e64fc853048a909ab7e333168b048613de3d56911719ddb293
0xB92a9F4a71FE2c5baD859e68e4d9c2E1625bB353,130282205578776973,34984482,0x4cf17ffd865106e61ab86fc747e46a202f30f532ceb5b5c7b7bbf8f4f20d96f5
0xb9d666c6E61826545E2c8e26B46e11f501354591,670144485353036359,34984482,0x0885c53d59c56319059ced2afa27d9a04efcf99e6d25814c1ec30f460b90d365
0xb9EB251a6C80C88824dbB56473bc13189901bB99,9620027971832577,34984482,0xf2ef3284415eb93fc16ccef10c393e77172168bec57a85349764223ac374d99d
0xbA2611C2E6C982081Aa226dbA206035e99aBde68,104200272469441916,34984482,0xa6e07c218e94d884871cf89173f9c5ba724bbc6e9590dfb698281b2442f650ec
0xBa4E1050d4615465cFFcfA274D89984Ea3bb27C9,365489003239044946,34984482,0x244ff443a7611deaec8c64952d939c4618adcb9b6107922bab6f540c8bb74dff
0xba4F262D8c37E161Fa97378782eCBdf7FFf37d25,153058126176392949,34984482,0x9e570de59de8cec1a448c648ebfcd4da5ad4780aee50684d20e78a4e9e23ba0c
0xbb19A9546B1736f40507434043291FBf69652825,297685901126874660,34984482,0x7bec999692f4cb3f0dcdb18669e9adc19874cbb12999b84baa8d69aeb2ae531e
0xBb952AdB375f5244f015e390F965efc1942E9226,453832507520700993,34984482,0x4a230de15a60b33213f8407ddc796d0345d5a85cb9f612ebdae7a90b7b537406
0xbc1b79317926c9a991556f8aad586a51a01f71A3,57853671182601040,34984482,0x6a84185d0f0ab899634be2dddc885e30680dc93a6c93cef002f8dc9b87f00110
0xbce0cE24eD12e577165A26aF7996e15b0142138a,31369662184724126,34984482,0x84593b7725ce1317bd49d2931096339dfd822ba1aca322c283e20941bc051bd5
0xbdCe0D96f3dcdCe9ff12d6EE9B14189528D61B1A,81918844516920439,34984482,0xc6afb75e0d6fb1e7b4b488d499163e8d09807dc86df365fb861a626aa40aec34
0xBdDc59b367915f116c13B24050191502ed7C70b6,318640627004432980,34984482,0xaedaa09e52c3f5c1c453b7e990c232d601e823f63c379a95d961f2a0b0822418
0xBdf6BCfF10Dc7BDbcF1c186523434C65fD41a6bD,121738799214588093,34984482,0x1b374eaa43bcd809e632281227965bb40d2ae01fcb5d960518e8c3ce4bdf24f0
0xbee0Ad13C8bc140b483ad7F77ECEF07812aE762b,994504788171563930,34984482,0x10b3abd66e4aec88baf5841cf55bf901eda64dddda0b3c30d38d24fb88b2a77c
0xbFFD66B4910F3d574C263D90749159a92460f8fD,243387033722185165,34984482,0xc947ff903242bf7a75a3fc1363c2c305ff573bb6391bc0811417365fc237533a
0xc02c3E4EDF80231e70045bbb064d8E8F013ae1a3,8285242870766825,34984482,0xdeb9a2f6e293f92dbe3df92022f5cfbceb2e162b78ea585bbef63af811c3e4cf
0xC1135a1c477157D173A05C725Cf3299162959ca6,15971708155006662,34984482,0xce2f40cf01efe31f0fa7b6aff4d42e497c6b6e4516368d2bdaa5c10f2138a901
0xC1d64D851468d07F47F6CDa23b1F90a4204c1826,20340759441196559,34984482,0x40cf192c260e5730a4acb95ac79a6357b1dc4eb2fb7592f3b1f042ef1f1bdb72
0xc2C7007BB1d5B238C09315a2c6d0F15748b7dFCC,77904126596846227,34984482,0xebc893ffbfeb4ea32c8de39871be5c42e4d7d234c6291c515d85f7c3fd8323db
0xc3360a43b70a49CE84E0DB88800CB8d6b7666666,45300208503456826,34984482,0xe23694740f750dc084f5d6bc401daa11b0a1294881847129f6dcfa32efd378a6
0xc3A9D077eE4Dd815A030bF4FBFB9be3523919009,93792708082797935,34984482,0xc3e92a56efaae4c1ecde57f69a27c2188eff8046b17ecb3c5f708df9d30ecfc1
0xC3c6D939afaB8D7a4EA02930b0035D95FebA1033,147860195678900740,34984482,0x1cc4fae611ffbc1d16836462d0d374f7a134e39e07ead118ec562b9d10eca182
0xC5Ad180FBCf49A683d7358c692359973f2931190,568508182175206530,34984482,0x9bd97ec6c0d92991c15257abaf5d9247ce61f1251206f02bde7dd84d67a8141c
0xc5e2B8f0E92fbB2095a13942482050aF0B836FeF,551402139528857473,34984482,0x705834ed8d24622e6c4a097a4c9a2479e4babd13a8f52ff57fec485218b61bdd
0xc606e1D27120fC4856dEF95DA5Afb1d3cFd054FB,73084406969838194,34984482,0x9a5245916580a4692cbf95b1b7b7adf4d9c40a91933b30077ac6a41b018e3af6
0xC654E8Eb26167A78cBB7ef513080136d6aa3aFCb,158064618574364575,34984482,0x70ddb1d4c217aefbd64c16460d2b327750ef9d42f527eb97efa818ce479cf7d3
0xC659f36ab99193910084405a238435E1eBD582cE,30463391049973281,34984482,0xe8d031adcd499d9e603ad39c5a2f52f88cfbe4e65ecfd22795fc964a6e919a47
0xC69cAd483822d7Ab7A10F70316f12B6Eb7cC5605,872988388472396394,34984482,0xc476f32a8ee25a0712a7b7e8de40435586eebf7879a6d579cd3473d71544ce16
0xc6E072F4b1eF094F1C7Ec1708159e84E3eF5Fce1,137847731818495524,34984482,0x590239b6ec799dbd05d8cf850fc83f8f31050e5983f4669311c0540213c93ff1
0xc77B5585cA3Cd4bEec6051CcA89921a2f01d9A5c,627976198030403574,34984482,0x3630fe2a63fa4a0357caeb58794c626c68cc174f591ee501dca24201cb08bc6e
0xC80c6526e1EF095E90Dd9192F380c9EDCA753293,549678784251294137,34984482,0x53ea42963330f957e7b02584fdeb4f462c7d5ed81b4944342ebe62429bd91917
0xC823271816069356fA908A99eCD9b4ed6F333E75,10640184748026981,34984482,0x9bfd4f7917fde06798649b6a5ad8a0799c00c58e576aca39dcaba96772e916e5
0xc8caeeD5058168Fa8637d801f566F04E6C96B354,624,34984482,0x785e1b3e7fd5ff2e787cba127381b17bc790f5b53a7be2d98886655de61f0824
0xCa16b6208EfA84e543D48904f853265Bc2705Cc1,787400137192833028,34984482,0x48d5e0fb548185fc6ad086acf43e5aed79a0846e76adfade7e4dabc963af8daf
0xCa1a2fB7f3179D887504966b25d1606978AdcD42,98262381750681381,34984482,0x0145bbc363a3ea22b574da99092fa1449428a4a84a7ca61fb751f0718979fc6a
0xcB028Fd4803925b9721FbC2290e7af191438c80D,4561167495773870,34984482,0x5217c15b78c6102baca5883607c94bd089fee635510a3a1c95b96e7200df863e
0xCBA3CDe0dbe164518B45E827004089303948E7CA,66846158220818447,34984482,0x10d420d29ccf106e981fa955df1dc89fbee1bae2882dd1d2f5ba91e86ffc4958
0xcC3e0EE1138754e5642aD1545aeE553A8Fa851E1,545000254226794928,34984482,0x8a4df24590c64fa94c963f3d29301d06ff9d377f87e9c1f954888202ecf36f5f
0xcc6ECE2eFFE533c02D8bbCA3Fa1330f433F09394,2144301992625759,34984482,0x440b8c4ec35b5bee2153867d5265c87e63085c1bd61a13f882c366f0ee284acd
0xCD211569a108FdAc74d729ba7358a743a3c2e08d,874548700014851710,34984482,0xa2a2c71fcbafcd4adda5c02f63116d0816e321f0cebd6229d188d1c2c019b1f4
0xcD6b980029E6E6e0733ac8eC3E02be9410D09799,20070278897783199,34984482,0x763478375f7781157528884f6143af29d51b1e6c44800b82230568ff60eef196
0xCe47A2BB65a063D164A14cce8AE84C60C40ed9cF,48816117697850151,34984482,0xe8c69da42c5beadc5dd6eddad23622c47f9eafc16a68a95090f471e495fd8320
0xD08721739929408Cc8962Bc9bFe111C6e4710d33,14775293986884075,34984482,0xfa1cbb3923efa1a74528295c37ae3427b92a899e5de3dc8dc553c82111b88ee2
0xd0A67cB08BE17475f4315a04C5F0Be3e200Ef66c,242519250368243153,34984482,0x1ca86d8d668f01276dfcc3c2c968c7ed7a361719459890a09119bbea4fe53116
0xD0Cc14934f8E5CE6224dE7e5E76Fc8923bD63Ff0,357017250115267935,34984482,0x7f8a59f3d3af8b127559c00432774895043047d419e547d54768a5794f505649
0xd15031D0942634CCAC10274E68945a23D2720922,27378883808023643,34984482,0x09d02313ac01860ae76c3e7abbd6dae39fc026c58e2d46bae670e8aaedbd42b2
0xd241dFD72921e80D07F1d697E358Ea6C84d48091,426707080028469919,34984482,0xacccca220b0a9ef912044d9fd7281ea8d13ec424adcca8bddaa144271f45fa40
0xD24425010163f25489100859740B45d26675b979,859862232576330162,34984482,0xdb1a29d076b809326f23a25c113f4b25df41e38b67c4c9cf2f57516a9660f82e
0xd29776c55D3BF2fcc92919A3fC38DDa5Bce37Fe3,29008448969383591,34984482,0xfdef3441e45337c5a294af15dac21bb2f0874306aca94029e77cb19aa05f68ad
0xd2b39C7fe2D6dd25b69754cF820961183915AA7a,12998736090732084,34984482,0x89748015ae83203554c042278c4756d41df5658ec3b4004fb9bbf5c2beec12aa
0xD341c20d9b3A5F56b70f825432689bE78B8F2bFa,637392837721566955,34984482,0x46151d3f443f0f2f44472fc0e53c7a1c21eb8cc53d0a602e242cccb2ad5603fc
0xd3681A16989aC95f0326E5f1f1038abC2AEfa1D7,103025897785937740,34984482,0x516c54f4bc0c18405841796e0bd8de57e626257d9a23d00a9b946bb9785c0d3f
0xd38550C453B5b34e01D8143d20Db41296Fd05041,869831898135531023,34984482,0x7bc45b8d009f490ad5fa4e28ee08ae19652b03215e2d0fc2d36056e689c85845
0xD478046CBFFbE03cd6d4064C56bb492b85aE80d4,821038814326069244,34984482,0x5271c2f5c73e84bd6be5a0ae3a3b2d5a5de252158c9380f57be91309c6187e50
0xd4997B903938FEe88731E77B746E67bb65FE9fE4,333422777119184282,34984482,0x1da926dc5a478557a15124a621d85e74d0a168b28dcee16b55d4a051870cfbeb
0xD4b114C01B438D9Bac74cC005adB8850a9B190DE,673241965267600293,34984482,0xf5c18a61614570b077e05a6d24bcfd2191b313bfca34f3c05259c73f0eb9057a
0xd56Ea93d330cB6d6BAB0bD309ACCe64683EacAbc,969116356326338012,34984482,0x0c91c82188a7683f914492c640e075fea2288ae714ab1d745490d6518fc5c588
0xd69a84c652280478bef1E7d6Ade0e8B79eD2558B,355386908392507135,34984482,0x9b645940f9d15f582f6d5cb8f29f461fd82b8b93349e81f86652aedf34de222b
0xd70521Ee1f6C483274D97006EA12BA66edA2B361,45,34984482,0x3f8d9e618c51ed0fc4b4c5da9a537c5364136903c5dd783c82d3ce61e8f2c047
0xd720151e84fE0310B42a1fCC444A6fa6c149Ce99,70527925268764583,34984482,0xe44a402dac07672c349b14e3237399d1c0d13bfd7e8879d6a3dd4434bd6d5180
0xD769c4e241cF85F4dc6672Cd86D658fdF74E8ba3,14401487892311560,34984482,0x1a01aa4625bbfcaa8651bf04d77f27369d52fec902f23c850776f3fb5273ebe1
0xD792B9A9264DEd81ab03b90D6E6E87457d3Ebe26,35,34984482,0xf3c5414cc65decab79f71495a82ef5da313c16ae20fd6a34f05493c5384a4af9
0xd813771D3938e7acd0175BcF938cd6bb071d72Ff,921497344955126891,34984482,0x7c11ab0b460f20a626e90eafccfe629b8b305d24035abed9320a208843cd6f41
0xd84A287fA01aF8723698677d191a5De4B4e01a8c,76134039255179062,34984482,0xe2acc945828aa7f042650bee552ed475e6f0873fd8b9fb39857a3ff9058d353f
0xdA70C933D761C4951f43BE7c1f4AAa04dCcC9CcB,1,34984482,0xf5417bfb969b906830717b4fc5631080f79e19dbaa3986d7b290ae0d7c9f1dc9
0xdB0b65fDc39Fc0bC0AEb014CD1fe5e52699f457E,275735694297286521,34984482,0xef77ce300e307d791063378c0273d10b87af465fdf390827da9434e2904541de
0xDb75074E18c6F1F67f3787f8ec303c46A33997D4,31934590113239164,34984482,0xb2ab4b2aa1933d35d118509592579d59dede13ce7057de75ee7f6a6e80e307cc
0xdBd47F66aA2F00B3dB03397F260ce9728298c495,219,34984482,0x599c78beb73410b5ed0e2eab7d59e0f44195c66cc18059a41087e9f42325072d
0xdc149e183d3D4823D037180c8Fe7fbCEeB35bD5F,355591342068296,34984482,0xa364e21b865e36467f7fe69844cfcb3e0afc9938bfdf68b6e76bc5f18babf12b
0xDCC87dc4abD493ab8b6FF0f02000163777777777,846608429986992009,34984482,0xdcfb7370db02e5c88cf4ce3e8548029804fc86a75d10306e4aede7f136caee82
0xDdF3EAB7A463e348cafab2BFd9E570183FC8A588,728536647974941806,34984482,0x4f2ab1260733867b451d46f6a2d8819bd32e51026a21e4f591e4212db32283c2
0xDF0a4Bd074a23B687A5A8d76C35A73D16b0D983C,750000000000000000,34984482,0xf6bb29baba2f0beddb5c118e28509fd2ee84e5f9526300af68ad28f4650190ef
0xdF651625A9C9FD3c5D8145737e1039D2A262C23e,255782530490690745,34984482,0xd2fdbb4309a92b64482a878cbfdc4f5e291d356768686f0572426cdf217fa74c
0xE00583616D51Fb7F1e6C4d4aB7D214a0476275d7,15622958580714850,34984482,0xc6338ee135fadd3fed165c7697013d19398bc5aef09a851b1d7565316d13d055
0xe033Bc25603D27FE4314194ACdAef59BC6DED712,576389810541190862,34984482,0x8e648e7d48a346b659ffac3632a374dece92a4c031effd11384a1adcd3242e6d
0xe05CCAc337E32ab8028903A320e911E34f12405d,289551540609023833,34984482,0xf67a5a2bf9afa94a26494025af863de0317adc404841ea327f5d304362077cbf
0xe24684a71E87dc71F7B3DEF6168327435ca86004,61815732132818609,34984482,0xc9fd593956c303e9db0fbfee7993150c0fdd3c21f830fc34d136bbe9bf0903c9
0xE24956793F36eEF2078bb469Bc5e7A8BeE93aED3,84360466695618671,34984482,0x9f23cc045f431668d9d8557c66bb1310af648f64945483e75862dc1e4ac5bc1d
0xe2a8bA53Fc9Ef83604b1368c906b53EF4f70D252,19300793993540093,34984482,0xc1f4a24ddec66f22640190cb61a3beb7740d33579a46884cfdcc83360542d0b6
0xE595Ed0eee63FE6ceB3e6b6770B9D826223a3737,59937061598273687,34984482,0xfa046ca5e7c62cd7510c7b464fb9cbe0824d375877a5b98254236517c9fecb02
0xE5A783804Fc6C366d3De57f863159259Cd767ce1,661364312168002927,34984482,0x5d04f1e0198eb95f0d6d17b194ea077b353f7640625888c6c7d23bea983bd074
0xE6801c2FB55b156CB34017a8FE97F0F43be62Bbc,40,34984482,0x9b74b19152ec0ed29eb392d7443a49f3f3f56741e86b1669dae29349f9ee0a3b
0xE82EE30723ba8d368FB641786d7DBFEDc396284B,12531866851572136,34984482,0x5ee266334ded57bd04ba28de6b2cb3ca66c1545efd0f694b9f7dca5e9287cd4b
0xe895F4d37Da4A5e31E507B2420C3281eCBF9F3f9,13519800185856698,34984482,0xae14e081414e5477155f806dd195d9565bdc4776edd8dce3a57a61b25e848122
0xE9061b69E72eFd36eFac794f0D4dB3e17327AAE8,6839718749428343,34984482,0x4123c2ac5ae928735024c27215ad0be8433860951c13d27f79e03cce13cc8a09
0xe9132a6E4a610b796AbBA5fD4210911FafA55a22,541296314545228772,34984482,0xa9f4f9eac86643611f99ed6b914e127513c1232a3b0f0b5dc3d0db2535f32a08
0xe93bC5B2088eaC5b7bf3aabb6Db9a40b079F5FFc,17146299337163166,34984482,0x225aa9298b6adbb80dc4937309ceab4dab89004716eb3329fb01e2a81863231f
0xE96E9F95a5f4200dC7e27E966E4d6D84168a9BB1,635339445924662427,34984482,0xd9d704e337a12b099edfe035300f0142c6f06f8a205427f1b10bcfdf17bf34fa
0xE974AE92FB0471E2f23D9aF01845130C3facc192,7733516930,34984482,0xf71e03fe641277edb8a9a3e1be76c6fab5a7f06b8c05e78c4e6cf4b1853fdbb9
0xE99CfC98b6013B13EE0C669F09F7804505505Aa0,698598705738117924,34984482,0x7ab3e9f92b1cf10238c3b66d32a32ce6467824c70e553f1ed47aa476dee01296
0xeB6Df0C5dd10fB323cd2C018EB232c15af65a036,232985865075784904,34984482,0x7e4e0fd34a7ab01376a1966150468c9442bc0b736d377ac2d333732848d00db9
0xeBe2ADcBc2448787EDffb030307BeB8eFBA583DA,63463278066242426,34984482,0x2b5ab1b3eb087a0177e7fc8d6eb405b8b10fd440a0a2e0a819b4b20827883d40
0xec7fb8075A8F06bE74C3a02faBb410395341B96c,21938410098950775,34984482,0x6b4b7f994d6ec4d87071506a208ec071c175632de9376d918200c64d430a0981
0xeC9d6b52914dd1c4A3AF8F8D46EDfde7F60eA813,656949380219683079,34984482,0x5d56d9b8a964e7025e288b6f489537c199816e524f5270dcef9c35b7fb22956d
0xeCa434448880DCC61bf2D81605a5a6e3bb6ba313,526057690326882435,34984482,0xb1ded47bb2f303b584ab1ee86823e89377538a2b86e3e97bc47eacf00ca72241
0xECB8e9257996Ee8a3382B9EE35707659551D33eC,246860032777868637,34984482,0x0632a113516ee6fff757c7631fa72d8d4d5e312de66b71ed57afeca444522973
0xeCe313097161EB8b8f25Ea62493dA07B1636f0EC,22925124683,34984482,0xf7b87ec624e395ad2da6a53934e4f1a68fec62b8bc266798fae8b4adf40c3310
0xed3D32f401740CE9637C880DD35D8edF408a4Fef,6559329642220075,34984482,0x256cbafdcab63f60cfd170045be9d4779a23969e33433358ac30002b143283fe
0xed898209AcC4ba06661A230a572cDE170772A8Ac,598037733410917488,34984482,0x4567babbca9b1cf560592c5a51877d2e1043a254a57e0cf64514ab47c1010c1a
0xEDc9C26A8AADF0895Fb250113A45a9afF62CD9Bf,43594626570546681,34984482,0x40e5ce1c4f9868959eb3a8077622b0e586108709fdd6f1965360caff64135ef7
0xedE5aC95c306aDF9cDd1726FCab07aE709872Ac1,438146031366337467,34984482,0x1b22c88f1b42904400201af7e14a5dc9008b22e0bce2ac5a20fd53ed4fbbb4e9
0xEDe5D451718D7f59067dFC793d965b6C36618Bc5,71907238981410113,34984482,0x821110a6f9e8d210b84f49ff0b2586c5aa5327d49ea124b3a8537625c8648338
0xEeAec2b48DD972067e3130EC1c2E4769BC6788f3,846981396569956249,34984482,0x2d26fb4ff21f68fd9bb93c0c484956243eed6256fc025f71d7e6c7de555ed9ac
0xEEdF66927405f7E5f98c623C303D1aA39d93Ce40,278391435899535999,34984482,0xd0d17024fde55316d7946d71705da86eaa12147c0ecfd362e9a1176a8ac7e1fb
0xeee2ED5D5699A78cEf90E7245BB92468CCD8702c,617432340322247168,34984482,0x5b0d9c1c74ba72f4ac279f36f85700006ffd1d48d4aa4da3c415994909bfaa5b
0xef65cF8a7DbeB1fbF9E7EC5341B96c16424fD4De,1366781610814053,34984482,0xa726f858ec2c0ff4793a393fe3247c910f755cd408c741123357777ef81d8b25
0xEf9c3572A7194D829F5742F5299418dB1f9F00a7,48,34984482,0xf122fc36557c5386f62c9cdc875f0035005bd4641a9d3fd2aef4ab4e01d1f602
0xEfb19323C9832248Bf08e1080AB15F6a394941Ba,978641304614145738,34984482,0x94fe80aea1a9427b11a9d0d98cc30323738ff5a5bb469ddf0347fe96e3a71592
0xeFBC3A2aa8767773c84b3e82e12ab13609B7aaa4,28462259697450411,34984482,0x9588d1596b8e85c1adca09634129b67774be8520effe0e4f6c82d850ff788dd6
0xf0d5d30176D64991f60947c78463A11f6baC1963,229005234550319582,34984482,0x589970b5df5d65b77a73f619d7dc0df957466b1b9e75009def95004564ee1752
0xf23817F6D701F514861fE44371756E3226DE8fEf,794407101475445971,34984482,0x0b5d21b2d729589f0f50891c9e522484ac8ec4b3038dcdad5659635574430a05
0xf23c9661efbCBd808AC31BA7B6CAfd8dcbAFB403,32783536559057367,34984482,0xcb9e37f10b7fb159ca751a034e08d4f30d93235143be571f5edd7a6bb9535f5e
0xf2a2Fea9DF87E9EF80876Fa740EFc556F27cD8EE,126773527153739,34984482,0x47537652dcc3ef8104186033a947d0204eb4b77b1550a69a37cbaca79723a4d8
0xF2FeBA330ddce08D3cd2C2037023a397a6a3E61b,811424933845483416,34984482,0x3396e446b213834747dc6865994dbc5cfdb67009d22a0e98a3c5c9e90ebd4c7f
0xF328A0eB0e61393b88F1204c7Fba6AE7C1862829,172206500851736531,34984482,0xa76f5ab9b59ec079faa74e99157ac3556452b54a056fd93e492e6bc11d719cab
0xf3477978BD05Bd34B5B2dbD59AFb1CdadC322817,251405898329615151,34984482,0xccd21f16ce65baefd36a2c28fdd02794048736a2132416bbd00c7424e23ec8f8
0xF3Bf4cADebEe8427f6fC87F4D846F21D78Efe2Dc,42938711621729534,34984482,0x9abaa93aac26571ffa167015ade27d558aa75106651192980569f9ee4ea6628a
0xF46315Dc1810d8bb1397abc1C26926A59CC81185,341211509783799945,34984482,0x6c45a0af1a042a80c82289f5497881078e6f4015feddc632f4cfac2a095f71b3
0xf4C4a59049C4253860FfE93C088030EE5137f8AE,321886963958114741,34984482,0x8224bc7106ccbba010c2aece59f91d314f77fd5dc2ddd9d3465d877c878bbdad
0xF56fB2cFDF43eB2cB264CB1d7Ae0CE932b81eeFd,61286426750860076,34984482,0x536dd0890d9dec06db0a3293d277085065139234a6099b7d108839216e16c40d
0xf5c4F3Dc02c3FB9279495a8fEF7B0741da956157,237011310135137006,34984482,0xb9d0fbae5f67c94379ece0cda2a5fb0c34801d0f19e8e8a36401ea5941cfe92d
0xf6f49763360c890149e99000547D16061bae73f8,13743447408922147,34984482,0xa52376a1b7960e393ad34e64eb3b676c8b5cc4ec327f0e9866725f8ce06bd23d
0xf7CFE8e9D7d11Dd554f240ED929EBCea28E42751,31314413423494539,34984482,0xaa3a3c5af9d7f8a95d9c054c56e78d671ea02d440831dd57879838dc967dd1d1
0xF82D7Cc312c1EFa6260cAb490a98D8268042fBcA,2726591232,34984482,0x781c17f0aad91e51517a912fbf1a8d71672a957128556b4c103a399b9f7b9cee
0xf89C94f43B36719046b55E2AE60BacBfc0dB1C6a,12330534659653626,34984482,0x09963d028fda25895cb1148be124e551dec22771a7947ac1a02dc85531fcae74
0xf9193ec28E3BCA91F66265e269c2913625293c9D,687945775341898940,34984482,0xbe6c17c08251df0d263360f8e48a5b00c6d581f9c2b9feefd1f19c00c4763ec9
0xf94DbFaE575c45352A34A9452b33613edC560D35,550426487,34984482,0x01c4e036ebfe99b7f742803d1a449deb7520f3a409ac9c34523dbbeeec7961f1
0xf9631c2E2b19b7795bf3e145580E54B1c65E2E98,65381228628576831,34984482,0xbd72efa8bc6a9ad37ff47ea3557f862dcccc590f36cdc6b061931b05bb6ed5d6
0xf9897e405dCE1c0bF98Fc0AA0d35D128762cc824,27493941441252667,34984482,0x0a5fa5e776ead49d4ccf48653e0a1f433f9ebd57297bc3aafa9679f00d98441c
0xf99A3402B06f7C3aDB6Dc9360Fe1213DdDDDdddD,980724888469499902,34984482,0xdf90dbdbcb7196de8d8b65d103d17a71ae3c23bfbd2605e9946ff9bf12864a32
0xF9DA49B600228CAb30639D5cB1d10220bfe3aAee,1,34984482,0xe0e27c7eb5bb4db96836d3ed70e497b017ab1320094b2311a89b6b76eb6497c0
0xfA9a632CA87BFE6c97354e70a23c7b0EB3846457,91465471025553950,34984482,0x026a1a60c6ab0c98b49c1bbd15d4ddd2281844298b0f54773307b5cedbca038a
0xfADA45fC770faA5a10bE83e8c63cf62a01681429,722026977301309728,34984482,0x77c6213765bad8ff9d77e23385288721827e8a29afcee8b53e820707f237d3d7
0xFBD3c3aA054d241fc30732582d4F8519391804ba,40548369091734524,34984482,0xc00ed21b65a2cb869d9a57f83fde59920a687606185da73349cfa3dd430491bc
0xfcb20812630a0EEa6cFe62791F92a424b248d447,150040896158006981,34984482,0xf1101c137ef1b2f62e76c3b65b485af36da526918293dd4618a0052046b77df3
0xfcBd556D157B2F0992dFc7F1DaD1AFc192226B70,22086390742223391,34984482,0xfd637b60fcb3299fe8b916b507e3c54e3c29b32c01fcdf3bacacb52d7f40be87
0xfd10CfaAB91D19ae4317e50ADa720B36f5CF6249,245420245530580511,34984482,0xb2e95cfd4d3f64e2da2d60a5c930c21d4399a2e17c1f71bd469be8c96afe3d20
0xfD5Cc1b62A7792D727Db762A2e1abC2615e650c2,964945109854426541,34984482,0xf65628203e8c68d1dd626990333ca5bae42bac4129d582062fa87a582cf0c639
0xfe0c2394553c107CbA897B65357701876ed8d18f,756192796730771977,34984482,0xda5f1fe2a8e5aeb22c713a4cf5182f34c06740e2800f18d10e737ebab48c4086
0xFe440fAC9F69AAD0A73c1BC826f0f1B612872B9b,11933525888151257,34984482,0xccdd1adc98afc8e99816b4a1a3cf28e44232afba3da6851bdd977a8400403790
0xFEC90aBF3CB869Ef58821C85e418589D57BbD749,542880469879414410,34984482,0x399d9fef24e3ff34084174bc006b570997f52bf3fca193138cede30c075c7c1e
0xfEeAC21C90b9291209f5F0Fdc271aEF3Feef303d,9077936025294180,34984482,0x91f6032c021a22779e80aec2e7c95584563246fc286854196996c6d4ab6b0192
