event_index,victim,original_v1_id,assigned_v2_id,replacement_policy,conflict_reason,floor_code,tier_index,replacement_floor_code,replacement_tier_index,incident_block,incident_transaction
0,0xA18A50ee01a507c26a30Cd3e24e6c0F088C2e676,425,26,same-floor-same-tier,pause-block-holder,8,0,8,0,34925679,0xba89fecd021425bec9366f7dcde9ba69ce479234e71d124f3143bf954ba3ed3c
1,0xc5e2B8f0E92fbB2095a13942482050aF0B836FeF,973,178,same-floor-same-tier,pause-block-holder,2,1,2,1,34925695,0xc61c143cfc8fb6f770b893f32368c53d453cbbdb1cfee5f6a183da26a289b4b0
2,0xE6A823d73BC242B14A3ce3905Da6D535209C267f,1223,42,same-floor-same-tier,pause-block-holder,3,2,3,2,34925710,0x394c34bc4e68c8f3fb4ccb76de56bf471f93b3ef82c12bde060108d2aeed8ddf
3,0x1491a38f227c7318106C722E7Db6F93ACC53D970,1577,1577,exact-id,,8,0,8,0,34925725,0x64a6ac173829617b166e5f7f3ee84b9a9f4e1f32c749b4ff44653b37f0c6dbea
4,0xE96E9F95a5f4200dC7e27E966E4d6D84168a9BB1,1590,1590,exact-id,,5,1,5,1,34925846,0x2ab568436b4dd49a1d6755f30c4adc13d04b3582d0a382d136b7556ffb740564
5,0x1f3cc123f5C83C34Ee68B9Bd7b13039A73D3E937,1595,2,same-floor-same-tier,pause-block-holder,9,1,9,1,34925861,0x2480e7f1aef18781b075ff68a9f21f43d68350ccb672a20f49dd6a199de3460a
6,0x1f3cc123f5C83C34Ee68B9Bd7b13039A73D3E937,1989,1989,exact-id,,5,1,5,1,34925876,0x58b113c88b336b7a5a942db5770fbe1a03333adc998dfc2e428fc3a2ccbb5f0c
7,0xA18A50ee01a507c26a30Cd3e24e6c0F088C2e676,1996,129,same-floor-same-tier,pause-block-holder,7,1,7,1,34925891,0x5246e6d904fb5dcac41d5c9f4ffb364b7b13dc18af72b90fd12ff088381ce62f
8,0xA18A50ee01a507c26a30Cd3e24e6c0F088C2e676,2351,2351,exact-id,,9,1,9,1,34925906,0xfbaf37613e89752ecd452f921f7ff579986ef4080cf3dcc453252acf078d0708
9,0x3dBD530e3f75FdEC00e013e26bbf95eD40b7e5c2,2587,2587,exact-id,,5,0,5,0,34925921,0x62ded404f13fde3d358651a320fd1f9daf7b6c58611c9fa49d40c5cd0156f71c
10,0x1f3cc123f5C83C34Ee68B9Bd7b13039A73D3E937,2823,2823,exact-id,,9,0,9,0,34925936,0x28d88761a0d5aa5bd5698edeb2fff1939e760fd612d62be456f77387beba3178
11,0xB37FCb9607B2636Ce692061AD3de99AEC5d8435c,3070,27,same-floor-same-tier,pause-block-holder,9,2,9,2,34925952,0x92b944c06353135f758c9498f25cc88ee4c8afe173c1ffdd66e829769eb912d6
12,0xc5e2B8f0E92fbB2095a13942482050aF0B836FeF,3330,3330,exact-id,,4,1,4,1,34926013,0x0a3342a64fbc2e5ac015f95a35c9a16c0e9472f01c3fd0afb94461eabd7d5153
13,0xE6A823d73BC242B14A3ce3905Da6D535209C267f,3336,3336,exact-id,,5,1,5,1,34926028,0x89a9626c8545020c32d14062fd9e654f5bc065d970688623eb3b7e39c3a0df61
14,0xB37FCb9607B2636Ce692061AD3de99AEC5d8435c,3617,20,same-floor-same-tier,pause-block-holder,2,0,2,0,34926042,0xdb6592eea5fa5f9d18638c5db380ce07c3726468b3f148b74c32556c210fe443
15,0xB37FCb9607B2636Ce692061AD3de99AEC5d8435c,3858,3858,exact-id,,2,0,2,0,34926058,0x74c85a5947a9ae47b33cd9bfeb52880066a7784230c6ab7596a63113f81190d6
16,0x1491a38f227c7318106C722E7Db6F93ACC53D970,3966,3966,exact-id,,1,1,1,1,34926073,0x0bd0211aa75b9e7caa4a09bbd5ae5913fc3a65cbfe396ac4adfeb018d523548a
17,0xA18A50ee01a507c26a30Cd3e24e6c0F088C2e676,4177,4177,exact-id,,1,0,1,0,34926089,0x81b63801b17353d2f74318caf983cc0b3df4daf724003caf21af1df9517b7dd6
18,0x70D68897272e6FAac92E219bf14B00f702fe79fc,4335,3,same-floor-same-tier,pause-block-holder,0,0,0,0,34926120,0x76c40182ccdd4261727049972e64f93a1ab93306a3a9e6270e50ee6339291d13
19,0xE51528CFC93caCf2d22c145425a91173b24F5642,176,821,same-floor-same-tier,pause-block-holder,0,2,0,2,34928052,0x2c7dbd239ef16ae62b5792364f97d810ebe5acf6c85d339e877a6f1a6c3045e6
20,0x00AA4aB6FE002A58EC8E576b1827eCb9cf524c71,869,134,same-floor-same-tier,pause-block-holder,0,0,0,0,34928068,0x229d2813af0e4d73c45f44ad66533d38a89a8569ae29ccfb904e562c6f492e0f
21,0x00AA4aB6FE002A58EC8E576b1827eCb9cf524c71,1120,1949,same-floor-same-tier,pause-block-holder,4,2,4,2,34928083,0x57f8b135a33940fb7d7925c80380898c8a8f74014af61a9b8a050d26b2720f80
22,0xA18A50ee01a507c26a30Cd3e24e6c0F088C2e676,1150,79,same-floor-same-tier,pause-block-holder,8,1,8,1,34928097,0xfe44595b2660c00a035951647f770d8bfaf76f9178b937436c071ec0c8eb6e94
23,0x00AA4aB6FE002A58EC8E576b1827eCb9cf524c71,1683,1683,exact-id,,1,0,1,0,34928113,0x2281473c4b8bc317a1ad2cba3bb5ef4c39b37138d82c462b625339e49c870f95
24,0x00AA4aB6FE002A58EC8E576b1827eCb9cf524c71,1703,584,same-floor-same-tier,pause-block-holder,8,1,8,1,34928127,0xebd1fa6be3c7718e0237449b7078a6e10a15ea0011def0c758c2423a75110d05
25,0x00AA4aB6FE002A58EC8E576b1827eCb9cf524c71,1725,1725,exact-id,,5,1,5,1,34928142,0xc83d4ec71f544de3e578fb53bdb560f6e14a102888c97cd1b14127e1dec7f05e
26,0xA18A50ee01a507c26a30Cd3e24e6c0F088C2e676,2534,2534,exact-id,,9,0,9,0,34928158,0x3fd25172fd9a23e070e501f67ff1c6a5aa12dd14edf09b592c35a1dca18ffe85
27,0xE51528CFC93caCf2d22c145425a91173b24F5642,2979,2979,exact-id,,4,0,4,0,34928173,0x634374cd845a904ee271850a13469d6edf209aa64385c0d4b613ab411332a61f
28,0xE51528CFC93caCf2d22c145425a91173b24F5642,3355,3355,exact-id,,9,1,9,1,34928189,0xe7f3ce80384903df5d3f5a17e5689358660c4aa13addd6e0bc2dfdd4f92832a9
29,0xE51528CFC93caCf2d22c145425a91173b24F5642,3850,168,same-floor-same-tier,pause-block-holder,0,0,0,0,34928203,0xfb881089d60753c76867bad35edcf892c719d30ef1891595293eec33ee608a2c
30,0x00AA4aB6FE002A58EC8E576b1827eCb9cf524c71,3967,130,same-floor-same-tier,pause-block-holder,1,1,1,1,34928217,0xfdda9d5106c4b86d7fc477dd49d30c3bf19677c1c67f197bb5770f7ce4fdf3c3
31,0x00AA4aB6FE002A58EC8E576b1827eCb9cf524c71,4036,4036,exact-id,,6,0,6,0,34928234,0xeccf8a077b836a8b4b90ac3e6c0cdff8c84cb3c069fcd9cc676cd2874dc5f567
32,0x3dBD530e3f75FdEC00e013e26bbf95eD40b7e5c2,315,315,exact-id,,1,0,1,0,34931413,0x55ffd4e19cf833e5c45edb6998c84961a24f580e2cd898887f877f18a499dc78
33,0x3dBD530e3f75FdEC00e013e26bbf95eD40b7e5c2,1538,641,same-floor-same-tier,pause-block-holder,8,1,8,1,34931426,0x65025888685500ca214fd12550584d23d6b8db73507840853ef5beea5890a5e8
34,0x8dF4D0d65B9c9D9Ed8Af33030122aCC760ebACb9,1790,194,same-floor-same-tier,pause-block-holder,8,0,8,0,34931440,0xb2bba58337adc2e48f5ddd00575c06ebc1e0d178181b731c8dab19909ff5df03
35,0x3dBD530e3f75FdEC00e013e26bbf95eD40b7e5c2,2969,2969,exact-id,,6,0,6,0,34931455,0xa00b3c66561ac97ed1aefeb7aac97d870e0b01e772c8232405cfa1f9e024cd92
36,0x3dBD530e3f75FdEC00e013e26bbf95eD40b7e5c2,3740,3740,exact-id,,1,0,1,0,34931472,0x3ba137c31807ed675bde1baa4cf0676a171b4cc5a8307da5dd3b89099bda67ba
37,0x9563CeFC253B87773786F439589cF96B333526e8,966,966,exact-id,,4,0,4,0,34931591,0xf70f881b7278438cc19cc382139c992565cf64f1112133b9576ff058b2238b01
38,0x9563CeFC253B87773786F439589cF96B333526e8,3355,916,same-floor-same-tier,repeated-incident-id,9,1,9,1,34931606,0x14a80b57983ec239308b0dbf82a792016b383f8f8601417526309c43aee69526
39,0x10F62eDCf62c78D89953f1A7C796bA56e9dB2F3b,1508,330,same-floor-same-tier,pause-block-holder,7,1,7,1,34934459,0xe57043f37b1955af13e6a41412ff52a6f8b8eaf9e3a2b94d138bfb9fe1bad2ae
40,0xC8b580755BF30D1DCCE76bFCfe29e8129637460E,1526,140,same-floor-same-tier,pause-block-holder,0,1,0,1,34934477,0x645a64de1da0863fd44fa50af071a3f71c8c591861d2f5755744938eacca460c
41,0x6b33716D771CF8e1a7B80e05A5ed25b75d863e3e,1914,7,same-floor-same-tier,pause-block-holder,4,1,4,1,34934492,0xeff8ff4c829ccafe43b73bed31fc6257e8d57d6f13964c0f47f9bf7af886f7d5
42,0x9ef02557bB81557d5FCE437b4FE59b08C724a5D2,2001,29,same-floor-same-tier,pause-block-holder,4,0,4,0,34934507,0x06575831a2a8accb4f5ae2da97460a0918474852e7d45951e495fd47232f1336
43,0x9ef02557bB81557d5FCE437b4FE59b08C724a5D2,2134,87,same-floor-same-tier,pause-block-holder,4,0,4,0,34934521,0x1fbfe9309cd1cf053c3a59290272a6098226faf81d3c747a88f0e4b1d0bed3c7
44,0x9ef02557bB81557d5FCE437b4FE59b08C724a5D2,2145,57,same-floor-same-tier,pause-block-holder,6,0,6,0,34934536,0xc53fcc5f535e4f1845b4aed3c4dd70dceb8488baa56b36f97fd553514b415745
45,0x9ef02557bB81557d5FCE437b4FE59b08C724a5D2,2205,2205,exact-id,,1,0,1,0,34934551,0x8c3f24ddc326f8affa08536e7975011a521b11782ee6f4111e5297ecfc47a447
46,0xcc14B10A7346c8fC99e3CCE1862a6E7118b24035,2414,311,same-floor-same-tier,pause-block-holder,7,0,7,0,34934567,0x7a1622cdd84ef51b4b2b04462926f61992174e5e7f468c33f64cd76193bfcdb5
47,0xA7f5c35464f41cCC9a227642AE0dA88c79564B32,2651,2651,exact-id,,2,1,2,1,34934583,0xb893cdc15a51f0e369c6612e328696857300a916781cdb4ce7ebd12507fd0e17
48,0xA7f5c35464f41cCC9a227642AE0dA88c79564B32,3424,3424,exact-id,,1,0,1,0,34934602,0x9df7fc34b584919119fdc0f1edff086e75c5d7271f021e0b2bf18ccc93cbd11a
49,0x05d3cD6859FCd219b4482Fb1D72743f07df8D606,3528,3528,exact-id,,5,0,5,0,34934617,0xb76604d1e9af800c75bf257f2598fc2fadf93bdfe55b478fc3f626448a5adf47
50,0x9ef02557bB81557d5FCE437b4FE59b08C724a5D2,4305,369,same-floor-same-tier,pause-block-holder,7,1,7,1,34934632,0xfd38aaba869fdccf1249c1145ab246d2a649814d3b571ccdd8315ba92f5557e4
51,0x9ef02557bB81557d5FCE437b4FE59b08C724a5D2,4352,648,same-floor-same-tier,pause-block-holder,6,2,6,2,34934647,0x4d813b6c888774b389ac3ca0125b318bcd9111d3dc477529a31ddcd2c8387212
52,0xcdeA19E6d247619ed5feFE47B4992EA577aD2142,9,121,same-floor-same-tier,pause-block-holder,6,0,6,0,34946696,0x167ad20307afb038bcf7543888b0c08f3c2256bef9b678e38bbceca9e39e09dd
53,0x9d664bED0e8D703DaB957d45699c96DCD4DCF2d2,54,54,exact-id,,0,2,0,2,34946709,0xa51f6615de0f1776919491ce743e05c80ca3a5cb06234e65f46c352fa0f6ecd1
54,0xaFa0aDb782345AAA73d9341F6b5C0Da0afcedeC6,70,70,exact-id,,3,0,3,0,34946724,0x9df36fc2ac926f7bacbde1afb434bff74c0fa95907ecef8ac23fb19792d13f27
55,0x27dA6F24Cd437BC0A00469E19aD8342b7f2e50E3,73,73,exact-id,,0,1,0,1,34946739,0xdb42fb1e2698665fb8b7ef328f1db7259dab3fe1997f63a3c1f084016e9f0d8c
56,0xcdeA19E6d247619ed5feFE47B4992EA577aD2142,205,205,exact-id,,2,0,2,0,34946754,0xcb7aa9f9ecc2d884aa92b6c70926070addac20d46a06ca00e38b037dc2caedf9
57,0xaFa0aDb782345AAA73d9341F6b5C0Da0afcedeC6,230,15,same-floor-same-tier,pause-block-holder,5,1,5,1,34946769,0x81c34d9e338556722e52f95096a8f17b354fa487d3264a954821af2480c3a7df
58,0x1f3cc123f5C83C34Ee68B9Bd7b13039A73D3E937,265,830,same-floor-same-tier,pause-block-holder,8,1,8,1,34946784,0xdde86760c43a73244922f370d4f5863b4c914f514840dc82813d50b4743866e1
59,0x7AE5535627065f642388c407A68e93Dcfe759C07,169,169,exact-id,,6,0,6,0,34946909,0x380a43d2cc11c6719f059319f67118df75047bcb3413de397c30a55eb87614f1
60,0x672399798c81FB80f810424a62e032cE169f8D12,209,154,same-floor-same-tier,pause-block-holder,4,0,4,0,34949332,0xedaae6e0f1299c6dcf76d32dea2b5fb2b3d232d70dc02fdbd05bf684e30078c8
61,0x672399798c81FB80f810424a62e032cE169f8D12,221,221,exact-id,,4,0,4,0,34949347,0xcdb505c8b5db59a8e615ba867b993605a56089b53149bc8eb663701cc2fcdbf3
62,0x672399798c81FB80f810424a62e032cE169f8D12,357,352,same-floor-same-tier,pause-block-holder,7,0,7,0,34949371,0x1da140dbb12d8309e881a5058715aa2a3d1e7ec159343685e6fe0956fa903ced
63,0x9d664bED0e8D703DaB957d45699c96DCD4DCF2d2,426,46,same-floor-same-tier,pause-block-holder,3,1,3,1,34949386,0x0c94067f031138a1f08caa59864c2f93648b27af646bda3f0fe9391c16010511
64,0xaFa0aDb782345AAA73d9341F6b5C0Da0afcedeC6,493,18,same-floor-same-tier,pause-block-holder,3,0,3,0,34949401,0xfb891700c8951d0ddf715c0b4d303ffa14c45f2cdc32e3edf3b1c439d540829b
65,0x561A7818742874bd14f05B3f999BaB1FeAf4c84a,522,522,exact-id,,1,2,1,2,34949417,0x90fb00d0ecff46044d8b58b281d2617dcd1500fa0a93006001d32f1b5cba0be8
66,0x27dA6F24Cd437BC0A00469E19aD8342b7f2e50E3,551,551,exact-id,,9,0,9,0,34949433,0xab5037da45dd1e41cda1017792d18fb769f77512777348eb00ef23f42f3f3318
67,0x672399798c81FB80f810424a62e032cE169f8D12,618,410,same-floor-same-tier,pause-block-holder,6,0,6,0,34949449,0xdadf2fece95265a02185d3b251722f511e7e9ceebe70a6d5b96d16ec75dac5cb
68,0x672399798c81FB80f810424a62e032cE169f8D12,632,163,same-floor-same-tier,pause-block-holder,4,0,4,0,34949462,0xebd3b7a01f58d0e066afe5e89fd2bd2371008ed3dbbe29ffff3f3f833f8843e5
69,0x226c1cf05631AB8eb374acdBeA87b25f159f72bE,725,235,same-floor-same-tier,pause-block-holder,8,0,8,0,34949497,0x385875aa048f59b6567ee5fac19b43a6e4db6ab3ff18d2dee5b310ad5ffa9fca
70,0x672399798c81FB80f810424a62e032cE169f8D12,792,278,same-floor-same-tier,pause-block-holder,0,0,0,0,34949540,0xca2080e96696fcd26e7ad61db670520aae5c31f2912897f75066dd652cb0079e
71,0x4A22064846B49393A26256a2a23402D4311421D8,882,882,exact-id,,3,0,3,0,34949580,0x9f7d08e222f35b4f47ecdcb4fff39b1b6499a4bad431466aedd9702da35e7f86
72,0x226c1cf05631AB8eb374acdBeA87b25f159f72bE,924,1031,same-floor-same-tier,pause-block-holder,9,1,9,1,34949595,0xda3c49e72297971742fc212ae6ceefb58e1b5a3848df752b381edbf724cec86c
73,0xaFa0aDb782345AAA73d9341F6b5C0Da0afcedeC6,1103,1103,exact-id,,2,0,2,0,34949610,0xa291e0603bc5774c8563cf4426e931a2db419a5bcf55e7b0c939b2216514f459
74,0xaFa0aDb782345AAA73d9341F6b5C0Da0afcedeC6,1188,1188,exact-id,,9,1,9,1,34949626,0x0b78c0ad90abd5be4aeb1ddb34767903046641b10895481374fb19b01ff32786
75,0x226c1cf05631AB8eb374acdBeA87b25f159f72bE,1207,467,same-floor-same-tier,pause-block-holder,0,0,0,0,34949657,0xd2caeb391f1d838a268fe1136e7fdd23601af4784d5687db6ff5aa70e1917f28
76,0x672399798c81FB80f810424a62e032cE169f8D12,1239,323,same-floor-same-tier,pause-block-holder,4,0,4,0,34949675,0x9d3e87a5762d9d3a0e856807b3cc07f9c204df822ad826095ec3bfa1fd4a6259
77,0x27dA6F24Cd437BC0A00469E19aD8342b7f2e50E3,1259,193,same-floor-same-tier,pause-block-holder,2,1,2,1,34949690,0x5b22809a7e771f15f12cf0eaa84ba216b4868c4ef94c459b27ad3c1d29f9f181
78,0xcdeA19E6d247619ed5feFE47B4992EA577aD2142,1267,1267,exact-id,,5,1,5,1,34949705,0x303374d3bba5e7ddae1695d15aa97ee26514b6faef1c0fd3a8fc328bb945f323
79,0x9ef02557bB81557d5FCE437b4FE59b08C724a5D2,1293,1293,exact-id,,5,0,5,0,34949721,0xcf0f96b1d1971e4cb83046859d37dd6ed06caafbb6b81bf0657c69bdd0e7138f
80,0xaFa0aDb782345AAA73d9341F6b5C0Da0afcedeC6,1305,1305,exact-id,,7,1,7,1,34949736,0x4f14322debb5318b65602f59182c094b3fc82829f2c9cd526c78c53335fa0b73
81,0xcdeA19E6d247619ed5feFE47B4992EA577aD2142,1319,1319,exact-id,,7,0,7,0,34949753,0xca1462bf6ff7da80c45eda92ef82fa93724557069dabb445fcf19a41daa7bf10
82,0xaFa0aDb782345AAA73d9341F6b5C0Da0afcedeC6,1327,1327,exact-id,,5,0,5,0,34949765,0x158bafa1626ef33ecb63266102b9456ce29ec3026605c4cfc4005008a0bed25c
83,0x13a78895e2da9f3E373463EAF943a97f4432781A,1350,1350,exact-id,,9,0,9,0,34949780,0x946a3ede75ff5fd81b5b6e5b2ee97502b776b56051b918eaf21c4f27f3e7049a
84,0x8797A47a9200b52Ee90B4c5b5fA5A0DeD56dD5F5,1399,1399,exact-id,,2,0,2,0,34949796,0x7bdb43ee1cd7d40c2aae316d3e21a9c12e318ac0d095b3db8ee2b1bba805c0d0
85,0x71F9CCd68bf1f5F9b571f509E0765A04ca4fFad2,1404,1404,exact-id,,0,0,0,0,34949811,0x4ab64d2cb0238fe747e526ec3e00fe8d60e020cb248d569d6e1b4792d58ba7ee
86,0x672399798c81FB80f810424a62e032cE169f8D12,1425,1425,exact-id,,4,0,4,0,34949827,0xa5186d7ac0885a4b0c97369351c4fd5e0034b9bea32981045b51d2b4d081a4a4
87,0x561A7818742874bd14f05B3f999BaB1FeAf4c84a,1436,1436,exact-id,,5,0,5,0,34949841,0x4eace3e7e025232317350d25f64d64efd548f31d1d483345f3844cdc868ac9c4
88,0x9ef02557bB81557d5FCE437b4FE59b08C724a5D2,1473,462,same-floor-same-tier,pause-block-holder,8,0,8,0,34949857,0xc2849b6f1ef31f87d5560911b923c15b9df208fecaca49a06dc46811ae8c54b8
89,0xc6d79e09f5cd8e0dd68F100b5b53b729CbDD26B0,1507,1507,exact-id,,7,1,7,1,34949871,0xf39590bbba3539b93b8af6f6e2fb4729e6a8c339b7cc159a580ca61126b6b6c3
90,0x27dA6F24Cd437BC0A00469E19aD8342b7f2e50E3,1508,374,same-floor-same-tier,pause-block-holder,7,1,7,1,34949886,0x5312b437edc7d9ff776fdd1481de6e79447e22fb598e4d2951408f9da98f3347
91,0x71F9CCd68bf1f5F9b571f509E0765A04ca4fFad2,1521,1521,exact-id,,2,0,2,0,34949901,0x9014caefc40a77491bfc8c77090178bd8c080fde879508399fe5ced936ff5834
92,0xcdeA19E6d247619ed5feFE47B4992EA577aD2142,1560,116,same-floor-same-tier,pause-block-holder,9,2,9,2,34949916,0x194576136ec021b8a6349ca0e2a5ca993f47dfcfa069ecbad230ffb94bb14ad1
93,0x8797A47a9200b52Ee90B4c5b5fA5A0DeD56dD5F5,1576,98,same-floor-same-tier,pause-block-holder,2,0,2,0,34949931,0xa7b3661ad6bd6c0bf257b64b8e57cafc215501d10c49afb5b07fba575bd6b5f8
94,0x672399798c81FB80f810424a62e032cE169f8D12,1595,1182,same-floor-same-tier,pause-block-holder,9,1,9,1,34949947,0x5153ab69588d384eb9b60d19c6a7f316e9f8b51b962754bb1b8fce2d1e55194a
95,0xaFa0aDb782345AAA73d9341F6b5C0Da0afcedeC6,1615,540,same-floor-same-tier,pause-block-holder,0,0,0,0,34949963,0x78122cb64560fee39c34522e0bb351ce37eba7e8629fb18dab8973e7185bc377
96,0xaFa0aDb782345AAA73d9341F6b5C0Da0afcedeC6,1678,1049,same-floor-same-tier,pause-block-holder,8,0,8,0,34949977,0x21e9983727843ec13bb9158ea14d545f064fe40cce0383fb372dd541b66f4889
97,0x9ef02557bB81557d5FCE437b4FE59b08C724a5D2,1752,201,same-floor-same-tier,pause-block-holder,3,1,3,1,34949993,0xf14d29233e0896e8ea41d78f1b7c2dce3e73ed61b1ea0994c3f4b187fc9f14da
98,0xcdeA19E6d247619ed5feFE47B4992EA577aD2142,1836,1836,exact-id,,1,1,1,1,34950007,0x83387349e2981437a81b58c5e4efb5e18066972bf878cc0fb892418207f6caaf
99,0x8797A47a9200b52Ee90B4c5b5fA5A0DeD56dD5F5,1869,1869,exact-id,,0,0,0,0,34950021,0xf22f07a6d059b2e87a7d2c71026f17765085434eb8354be875924db10be84072
100,0x9ef02557bB81557d5FCE437b4FE59b08C724a5D2,1914,750,same-floor-same-tier,pause-block-holder,4,1,4,1,34950038,0x99a6a3923a9b2ba90b998a24afc5195805a75ae14b6ec8e0704438ce1153ee9d
101,0x27dA6F24Cd437BC0A00469E19aD8342b7f2e50E3,1946,1946,exact-id,,1,0,1,0,34950054,0xe8001f02ef39a6a4a5a40e36178cb6954dc3a9af9e4de0370ad8b83ca987d746
102,0xaEF0e0E3908dAc3724f7D3d9362e1bD303D9F84A,1957,183,same-floor-same-tier,pause-block-holder,3,2,3,2,34950068,0xbcb1aae090a85afa44c6acba5e15e57c407af81e65aff2f96e20652fde47fb07
103,0x27dA6F24Cd437BC0A00469E19aD8342b7f2e50E3,2087,2087,exact-id,,2,1,2,1,34950082,0x65a292022edeffb58a941f2ff977b7f080c2f40a23cd27addd579ff2b7ca723a
104,0xaFa0aDb782345AAA73d9341F6b5C0Da0afcedeC6,2183,450,same-floor-same-tier,pause-block-holder,4,0,4,0,34950097,0x4a1e67438d94229cb13461b1f573bf26eefe6af8b6a9fe504bd52c0a588280b8
105,0x8FfDBCAEB22E3f577a4EfBC45b7823d4659AD280,2314,2314,exact-id,,7,1,7,1,34950112,0xd22658df88da947526c6ead38ce40eee9ae35ec7a92e3554f10207dea32d8133
106,0xaFa0aDb782345AAA73d9341F6b5C0Da0afcedeC6,2377,2377,exact-id,,9,0,9,0,34950128,0x7d67ad939f2450e48809f89cced89073d01dc9fb01fcea0e6b2e3a0fc469fd15
107,0x226c1cf05631AB8eb374acdBeA87b25f159f72bE,2385,561,same-floor-same-tier,pause-block-holder,0,0,0,0,34950142,0x9ad2e90ceb9991099ec128bca1f79e88e7deaa9e333b8a0fcc7bd9ddf6ce2e13
108,0x672399798c81FB80f810424a62e032cE169f8D12,2398,1203,same-floor-same-tier,pause-block-holder,8,0,8,0,34950157,0xdf777d2187fb175281dec7f21e791defa4c9fdd8c2fa143327cec9aaf7d51aeb
109,0xaFa0aDb782345AAA73d9341F6b5C0Da0afcedeC6,2509,2509,exact-id,,0,0,0,0,34950172,0x459fcd79ccbc8ded0dafd2dd11807ee8d5840d39939616a7afd76629e95ea3ad
110,0xa134E5B2845D348dC3070c06691988E221B9f2cE,2520,2520,exact-id,,8,1,8,1,34950187,0x5d37bb78c485f239bdd1b978be5dd22b9c7a4608b99cbf04ae08d87e1e5cf7f1
111,0xaFa0aDb782345AAA73d9341F6b5C0Da0afcedeC6,2521,2521,exact-id,,7,0,7,0,34950203,0xeea3296cc3adc27c75d001c2ae385b515555d369b6e3ab0f602930e85863f4d5
112,0x226c1cf05631AB8eb374acdBeA87b25f159f72bE,2526,2526,exact-id,,4,0,4,0,34950219,0xa1965b53eb15ff8e919847cc7d599cbc3d6f9a205038c08b7a11aca6e30af060
113,0xf89C94f43B36719046b55E2AE60BacBfc0dB1C6a,2600,2600,exact-id,,7,0,7,0,34950232,0x91df148ee1352d9cd46e7595272168aba7af5c4249c06bdd990a557de5778292
114,0xaFa0aDb782345AAA73d9341F6b5C0Da0afcedeC6,2607,1205,same-floor-same-tier,pause-block-holder,8,0,8,0,34950250,0x17247e202ff9f487f5aaedd577fd77fae491066a51f18b9628fd666c5f6e1ccf
115,0x9ef02557bB81557d5FCE437b4FE59b08C724a5D2,2627,2627,exact-id,,0,0,0,0,34950263,0xaa938bf60c7558615298d86f1d49ccac19e977b567dd3d98772f350310a2cd29
116,0x9ef02557bB81557d5FCE437b4FE59b08C724a5D2,2747,2747,exact-id,,7,0,7,0,34950278,0x209b33b7f029bb01050aa80bb18d65978568eda5f7b4ef7238e5ace81da6ff47
117,0x672399798c81FB80f810424a62e032cE169f8D12,2775,2775,exact-id,,9,1,9,1,34950293,0x2bac3a841f4af03fb268da0cd72a204f810ec3e44cca746e16968b684ad5bd3b
118,0xb55Df3a73E9f8bc8E41E83f387695EACDaB269D2,2800,403,same-floor-same-tier,pause-block-holder,7,1,7,1,34950308,0x5d971cf6140dff38dc72a9f002a793d8d0c10db0cbae7c152aaddd31f2582bac
119,0xa134E5B2845D348dC3070c06691988E221B9f2cE,2823,156,same-floor-same-tier,repeated-incident-id,9,0,9,0,34950323,0x73c5c191839e338d3ae8adfdc3acb4c4e652e667a1e5aed10a0fdbe48f69a095
120,0xaFa0aDb782345AAA73d9341F6b5C0Da0afcedeC6,2909,2909,exact-id,,1,0,1,0,34950338,0x2cdbcffe431b52cf9dea341025a9a45e5e7e0f21cc7566583aa6c655535cdb79
121,0x9556fbd010dcF8DAFa5c6082C9c146e537d9Af74,2934,2934,exact-id,,1,1,1,1,34950353,0x39ff81c6b5fbaa325725f7e9a496a512e79406cd4ee801d288b60a907fee2fc6
122,0xaFa0aDb782345AAA73d9341F6b5C0Da0afcedeC6,3107,3107,exact-id,,8,1,8,1,34950368,0x5fa4a7c9f0cc836904a021bb3e5ad74a1447023912e31e675634de0c04a23c82
123,0xaFa0aDb782345AAA73d9341F6b5C0Da0afcedeC6,3114,422,same-floor-same-tier,pause-block-holder,7,0,7,0,34950383,0xe212109f832fdd68e5b38ae39b8c87273cd670821b739734848488f484c161f9
124,0x672399798c81FB80f810424a62e032cE169f8D12,3122,279,same-floor-same-tier,pause-block-holder,3,1,3,1,34950398,0x469cd1b7eb85addb30947dde4e080e9d02fe1c5cba5274c15940b443c253d342
125,0x27dA6F24Cd437BC0A00469E19aD8342b7f2e50E3,3145,3145,exact-id,,7,0,7,0,34950413,0xf69d061057192ec21ff1918fe09b0da23fd6bd4da038681d904bcec1d41cc3d4
126,0xaFa0aDb782345AAA73d9341F6b5C0Da0afcedeC6,3166,3166,exact-id,,1,1,1,1,34950428,0xda13a95240c4db19fd7cd2d8429faaa86a0f11bdc4ef2533c62469364148262a
127,0x561A7818742874bd14f05B3f999BaB1FeAf4c84a,3253,80,same-floor-same-tier,pause-block-holder,3,0,3,0,34950445,0xb7cf40609a4d7dc25d34eb6d7603db3f6d2d0eef067805fe48cd63cb4e47bff0
128,0xaFa0aDb782345AAA73d9341F6b5C0Da0afcedeC6,3263,3263,exact-id,,1,0,1,0,34950458,0x406ed24021f845266f27a0b3beeb5cb694fdc3c0683c1efbb856073459badd31
129,0x9556fbd010dcF8DAFa5c6082C9c146e537d9Af74,3264,3264,exact-id,,2,0,2,0,34950474,0xabaad097eb1580ba6a9b57f0c6c5b4f52205d58c9a68e7abb87a3c4e2bbc0459
130,0x226c1cf05631AB8eb374acdBeA87b25f159f72bE,3376,557,same-floor-same-tier,pause-block-holder,5,1,5,1,34950489,0x7935db2ff051776a031d91dd190a3e94687a9f1db9bf9f30ca9650a5a760d689
131,0xaFa0aDb782345AAA73d9341F6b5C0Da0afcedeC6,3430,1230,same-floor-same-tier,pause-block-holder,8,0,8,0,34950504,0x6a20c9ee133b7efb29b3a549f39227ab17e832aead31cf202e9f95c422218bf2
132,0xaFa0aDb782345AAA73d9341F6b5C0Da0afcedeC6,3460,61,same-floor-same-tier,pause-block-holder,5,0,5,0,34950519,0xdb9a37f54e77e483522f6be5343263eb66d611295d001b0792b606481bbd8c8d
133,0x9ef02557bB81557d5FCE437b4FE59b08C724a5D2,3489,3489,exact-id,,5,0,5,0,34950534,0x8b3d11859576bdd25e2d7c02677e7acdbac896daeda84a4326d30b80a6fc67c0
134,0x561A7818742874bd14f05B3f999BaB1FeAf4c84a,3491,1013,same-floor-same-tier,pause-block-holder,8,1,8,1,34950550,0x2c56b8a391a1cdebab6c509bc2fd22f74632973ab9f35b89315324f43f2fa667
135,0xaFa0aDb782345AAA73d9341F6b5C0Da0afcedeC6,3493,252,same-floor-same-tier,pause-block-holder,7,2,7,2,34950563,0xf333095087ad305a228f909039b021404df0a5f67ebfe0c0549c15b95077b2e9
136,0x672399798c81FB80f810424a62e032cE169f8D12,3561,3561,exact-id,,4,0,4,0,34950579,0xccf28cf04a2a6f07a98e27ea1d00d621e5d84e0b1253f6e98c78851142a68a86
137,0x226c1cf05631AB8eb374acdBeA87b25f159f72bE,3577,3577,exact-id,,6,1,6,1,34950594,0x29d138afdeed18125ea3cbb7d28578bd0be9efe2f90bad145becb315da0bff09
138,0xaFa0aDb782345AAA73d9341F6b5C0Da0afcedeC6,3587,3587,exact-id,,5,0,5,0,34950608,0x6cf9df4d00e117e3da4501a3a0a647d067ab142de6ee14f073d955960ec43392
139,0x226c1cf05631AB8eb374acdBeA87b25f159f72bE,3620,749,same-floor-same-tier,pause-block-holder,0,0,0,0,34950624,0xa5af816c01674e8270a6d8b68bc8e1018802e51ff66ac082e88bdc280dd740a2
140,0xcdeA19E6d247619ed5feFE47B4992EA577aD2142,3737,2876,same-floor-same-tier,pause-block-holder,3,3,3,3,34950639,0x3fd163f05e7b30ed63c32e15842dd85d432ede96a5bad38b88248dae484db282
141,0x7F7AF4780b3D99f9EF156Ca9b29226f9Da469dA4,3741,3741,exact-id,,2,0,2,0,34950655,0x7ec0a1fcd9d252ef00c16a3f81ee7c1190be740eccac1fbf3c8356467047b0e8
142,0xaFa0aDb782345AAA73d9341F6b5C0Da0afcedeC6,3868,3868,exact-id,,5,0,5,0,34950670,0x41b4ecd3447083a14db989759ebbb72630bfe52f9845b30a1d2aa739551df6d6
143,0x226c1cf05631AB8eb374acdBeA87b25f159f72bE,3978,772,same-floor-same-tier,pause-block-holder,0,0,0,0,34950684,0xb508a38b1285eb4ec7d63bfe7b35b241619a0a3611939df9e59fc3c76288be05
144,0x27dA6F24Cd437BC0A00469E19aD8342b7f2e50E3,3993,416,same-tier-cross-floor,pause-block-holder,2,3,0,3,34950700,0xecd000896844fa2697452455d8c6ad402ca33921102547144c1457145abc0db4
145,0xa44F1C3454d7B0b0cc38F26015537b111F6be568,3996,3996,exact-id,,0,0,0,0,34950714,0x56e535b57ec00ceff92de82268dfa888c2cb98f495ea835bbc5d705663c606fe
146,0xaFa0aDb782345AAA73d9341F6b5C0Da0afcedeC6,4036,500,same-floor-same-tier,repeated-incident-id,6,0,6,0,34950730,0xd0b135eaf726fc27569ea4bc1519bdd25060cf614eb6c7d2d45dafc3fa995819
147,0x672399798c81FB80f810424a62e032cE169f8D12,4046,4046,exact-id,,5,1,5,1,34950746,0x0597421208d9ae4ad4d62232b637a1df9374fa4b849ba608fc8f7a486674649d
148,0x8797A47a9200b52Ee90B4c5b5fA5A0DeD56dD5F5,4205,4205,exact-id,,5,2,5,2,34950760,0x1891036366a03da350465e8d7416736757551694f2a22c8642def044cfeb9bee
149,0x226c1cf05631AB8eb374acdBeA87b25f159f72bE,4353,4353,exact-id,,8,1,8,1,34950774,0xec6da08fd389b73e81a83bb9d15ee8ba415ba364da5c7253a7c38603367a4ca6
150,0xaFa0aDb782345AAA73d9341F6b5C0Da0afcedeC6,4367,4367,exact-id,,0,0,0,0,34950791,0xe17110f2e8676b6002db6e54733745c648f3982c50672c4a63b0c6595631a726
151,0x71F9CCd68bf1f5F9b571f509E0765A04ca4fFad2,4370,4370,exact-id,,4,0,4,0,34950805,0xb67b1428b5b0342ba8751471ef72129681c94c645871064a71d2b67e93de7e4a
152,0xaFa0aDb782345AAA73d9341F6b5C0Da0afcedeC6,4372,4372,exact-id,,8,2,8,2,34950820,0x24631295dc6aa5647c7730064307e588a48863d2a0db301689b1515e029c8d86
153,0xba4F262D8c37E161Fa97378782eCBdf7FFf37d25,4414,4414,exact-id,,9,0,9,0,34950835,0xfd9ef9680ee5dd61d12d5094e9e0e95a76323653a24e755d9b598c0ae21ce63f
154,0x672399798c81FB80f810424a62e032cE169f8D12,273,273,exact-id,,2,0,2,0,34950959,0xa9c8b2163fb5527df01a392c378ed20853a202ac98e32524d498953db39a61ab
155,0xFBD3c3aA054d241fc30732582d4F8519391804ba,202,202,exact-id,,0,1,0,1,34955374,0x3c504c0546fdb52cb42b181488576de03b6ff227dd9a0fbabd3bbf8f5ded7618
156,0x672399798c81FB80f810424a62e032cE169f8D12,663,2209,same-floor-same-tier,pause-block-holder,4,2,4,2,34955389,0x4c8445d81a8b24236c3bd3719f4236b90720ef6a826351fd2e8114a31ae2cb60
157,0x8797A47a9200b52Ee90B4c5b5fA5A0DeD56dD5F5,768,768,exact-id,,6,0,6,0,34955404,0x130f38f1cb5ad5127c04a33404a15eca9fe8a578d13f7a3108afec2c8b8aac62
158,0x8797A47a9200b52Ee90B4c5b5fA5A0DeD56dD5F5,889,889,exact-id,,1,2,1,2,34955420,0x985f6fc70d1c8ee7a9a6521e9642d2364fff5a005e84a6cc9d44edc2b604d74e
159,0x16F5EF133d0D15B196A778d22BF1ec56f8f37C05,979,914,same-floor-same-tier,pause-block-holder,0,0,0,0,34955437,0x5b4f5a387746cf81046f6f8fd20d17e9fc7d60b31f422553e35f70dd2a7ea8d8
160,0x8797A47a9200b52Ee90B4c5b5fA5A0DeD56dD5F5,1386,1386,exact-id,,6,0,6,0,34955451,0xc3e5a2dee75abe5b8581f5fb09d523b0aa153c172a35000b280fcd538521109d
161,0x1f3cc123f5C83C34Ee68B9Bd7b13039A73D3E937,1598,199,same-floor-same-tier,pause-block-holder,9,0,9,0,34955464,0x1b8ed54a094e76da95d8a0250b4ebe98aa6c33973e430954f847e7a6d62848d5
162,0x237d44ff9c9A48bce5Ed6c337db3080Ec7967F56,1692,564,same-floor-same-tier,pause-block-holder,6,1,6,1,34955480,0x1e4ce68a995b9af5fd1a8afda8f55c6c01d2931a6fbad83e234c12f26cd149f4
163,0x8797A47a9200b52Ee90B4c5b5fA5A0DeD56dD5F5,1894,1894,exact-id,,0,3,0,3,34955495,0x52bb6f1778e66980215cc1b3c5c221b456566c1d78ad6a190c6fdd6d96e9f96d
164,0x1f3cc123f5C83C34Ee68B9Bd7b13039A73D3E937,2278,513,same-floor-same-tier,pause-block-holder,6,0,6,0,34955509,0x3016a8682024e542c90bd5de5b8278e44d488c94544a89d1a6188f870dc35d39
165,0xa667A51BDCB32DaBc8a9396a4523B5feF314ebE7,2373,2373,exact-id,,4,1,4,1,34955525,0x105c046c558e456cd7a53dbacb0d409c94dd6f9cd9853f123971a1be1235e2b2
166,0xaDF8D3d8032FA0d8f8e23aecdEe12CeD4b786362,2396,571,same-floor-same-tier,pause-block-holder,3,2,3,2,34955540,0x8d39c93dcb646a693619761e5436480f428145dfbdb5d60d1979654e2f386ae8
167,0xD2B1AC8Bd4D12FD3126263498e7BE87c49A58002,2585,2585,exact-id,,4,2,4,2,34955555,0x65db0537713790491de059c385473d6b017989de75876e0b4e1cf5d5f70bc3c8
168,0x1f3cc123f5C83C34Ee68B9Bd7b13039A73D3E937,2765,2765,exact-id,,5,1,5,1,34955570,0x8133deacb187a624b9304bc579e8276157768386cb67507aecce3fb00e0c4fe1
169,0x1f3cc123f5C83C34Ee68B9Bd7b13039A73D3E937,2900,2900,exact-id,,9,1,9,1,34955585,0x7012d759385a87e6401a478df3ab944a80a65cd52fa541006218bf6c70f0eee5
170,0x237d44ff9c9A48bce5Ed6c337db3080Ec7967F56,3220,3220,exact-id,,3,1,3,1,34955624,0xa9be8fe90ec0b10800b82cbde3eab0b2132b96c4097e9c5b0f78f05ca6ab71f0
171,0xb9d666c6E61826545E2c8e26B46e11f501354591,3731,1699,same-floor-same-tier,pause-block-holder,9,2,9,2,34955640,0x113aa55640340b4739b03193b6fa57ca7a3ea27f8c3a66e78a0e89b70f442e41
172,0x561A7818742874bd14f05B3f999BaB1FeAf4c84a,3748,3748,exact-id,,4,0,4,0,34955656,0xd6d674731f5ea3701647a3dacbc471b13d845facda9554e062e519552dbec59f
173,0xD2B1AC8Bd4D12FD3126263498e7BE87c49A58002,3934,3934,exact-id,,9,0,9,0,34955671,0x32a9c7483ec876e60c18f70ee51a33780cc8c0bdf8f054625ff2b0e1aeb192be
174,0x8797A47a9200b52Ee90B4c5b5fA5A0DeD56dD5F5,4012,246,same-floor-same-tier,pause-block-holder,9,0,9,0,34955686,0x9b3de88c3a8c474a169b522765792c689f355265e061056142ee13d27dbc15b9
175,0x672399798c81FB80f810424a62e032cE169f8D12,4389,4389,exact-id,,6,0,6,0,34955701,0x3a837b1674cc72c35dbb5acfaf2f141cb295cee894133af80973ee789ec15df8
176,0x3b7Bc4F00Cc148dB3c8B34098a33611e2bC7dE31,2179,803,same-floor-same-tier,pause-block-holder,4,1,4,1,34959886,0xb0219bec57e4969b06999b4ebf8d957fd83a0ef444f1cd87a5091dc5b869d864
177,0xB24796412345dbe99D9873C98c9d9ace9479fc71,2805,2805,exact-id,,6,2,6,2,34959900,0x475dd2b215eeb8dc1c5c0e4bb0d630c88dc457a50d49be009cc8cb52c87f7143
178,0xCe47A2BB65a063D164A14cce8AE84C60C40ed9cF,2810,261,same-floor-same-tier,pause-block-holder,0,1,0,1,34959916,0xd0a21479d5e40f0325291107175034a05417830aac9f98844ebc93146ef15c96
179,0x7AE5535627065f642388c407A68e93Dcfe759C07,3078,464,same-floor-same-tier,pause-block-holder,7,1,7,1,34959931,0xce6290c233283f9467a4640991bbd9652b1cb68433cfb9dedf9c8c60e6e6721c
180,0xD2B1AC8Bd4D12FD3126263498e7BE87c49A58002,387,387,exact-id,,7,0,7,0,34960274,0x4ecbfa8680e60af898ff93f7d7b37f25b2edbb542a86aac39ae55c19d31475ed
181,0xD2B1AC8Bd4D12FD3126263498e7BE87c49A58002,2607,1272,same-floor-same-tier,pause-block-holder,8,0,8,0,34960288,0xbc4fdcf4e92116a86fcaa6b58cffb0c7cb52b27f601c21a67ee60bb661957e74
182,0xD2B1AC8Bd4D12FD3126263498e7BE87c49A58002,2906,2906,exact-id,,7,0,7,0,34960303,0x2b40620b00dce03519cc191679aeb55d0498ff69c23f67c10458f3402c3db1ee
183,0xD2B1AC8Bd4D12FD3126263498e7BE87c49A58002,4369,4369,exact-id,,1,1,1,1,34960318,0x55f2751ae239ed861474a5a346e6661ea267682e9dd3a11e10579c671f6834fe
184,0x71F9CCd68bf1f5F9b571f509E0765A04ca4fFad2,185,1342,same-floor-same-tier,pause-block-holder,8,0,8,0,34960817,0xfcada56dea837970814161e87199e0a2baf2aba9a25d7e99748d5145d6fbc239
185,0xDb363862E5e73a7ce226730de475C507547cD4c2,190,190,exact-id,,9,0,9,0,34960832,0xc2d6b16307f85fc7fecbf795b91877c4d102282259cf736db9614624da74ddd0
186,0x89Ebcf0469aa1736d78E5Df71E1eD10F31B88B1d,1083,1083,exact-id,,1,0,1,0,34960867,0x37dabcb4627feb3f86d1c89df60676bd42e8192c71d02350533f00d18114e9f8
187,0x5EeD905E372Bc0DB8Ed21A3DB8BeB3c72F398eD4,1256,454,same-floor-same-tier,pause-block-holder,7,0,7,0,34960880,0x80dd4e5284ee4fb5a395ad4c6eecce7e4edfc54269db1bfeee9cba5af633d995
188,0x98e9a49D58e28263ddfDeA323358aC76D1f9719A,1663,1663,exact-id,,9,0,9,0,34960905,0xf63b0391579dfe4643aa006e92de74028b15b9360b4f0904f9b6506f74e71b63
189,0x98e9a49D58e28263ddfDeA323358aC76D1f9719A,1683,13,same-floor-same-tier,repeated-incident-id,1,0,1,0,34960920,0x8573c150287a9ed64055764eaca231954565fb23a0f3c78695862520d674aaee
190,0xDb363862E5e73a7ce226730de475C507547cD4c2,1965,341,same-floor-same-tier,pause-block-holder,9,0,9,0,34960955,0x95fb1a91be84a93f2d8531aef79ae09eb76605f2995f2de0ddab0269d933d038
191,0xf6ae5F46a6d3e523517fc4E9920A495D57BA9599,2580,2580,exact-id,,0,0,0,0,34960970,0xcf92f5d5ede4f0414d1b92eb464d2fab84a8c8bf5b56c026cbf06ddb3f1fa835
192,0x98e9a49D58e28263ddfDeA323358aC76D1f9719A,2718,2718,exact-id,,5,0,5,0,34960985,0xc325de0090908a62fa329a7d3f7ca4efcbb5bb7796189a51f2624589eb1907ab
193,0xDb363862E5e73a7ce226730de475C507547cD4c2,2834,135,same-floor-same-tier,pause-block-holder,3,0,3,0,34961000,0x119ccddf00517bbff0efc64c5912d0cdc05a34916174b40007599f46e3540986
194,0x98e9a49D58e28263ddfDeA323358aC76D1f9719A,3867,3867,exact-id,,5,1,5,1,34961016,0xf9c7d3c9d7be3d3422060544ae4065baa20add3af221d9b8132521808a6d484e
195,0x71F9CCd68bf1f5F9b571f509E0765A04ca4fFad2,4183,4183,exact-id,,0,2,0,2,34961050,0xb4167a4509cbeb264dab5484263994166fa93c296e49084f14ddc09da89cac32
196,0xDb363862E5e73a7ce226730de475C507547cD4c2,4281,4281,exact-id,,7,0,7,0,34961066,0xd1c1469d08d5203fb20d8a312674326cfe81473a4e0fdebcc1c6a2fa5441a2bf
197,0x27dA6F24Cd437BC0A00469E19aD8342b7f2e50E3,316,316,exact-id,,1,0,1,0,34961190,0x7fd6c8bfff4278875c592440a091cc4afff3578c5a7368e9529a76753d69692d
198,0xfc7506d541eE119a64f0d75f907D21408b71A562,1125,1125,exact-id,,4,2,4,2,34961206,0xac993808cb5fb8bdeae3b2f7a2b6382d0b60da913b7a40762a2945d025dbccd7
199,0x37bbFc32408449Ec4251bf3C2fef4F7CD52746ba,1237,695,same-floor-same-tier,pause-block-holder,7,0,7,0,34961222,0x82b2ca6df55171f7c53480411c509e341a86031fba0806938b2dbedf1a211dce
200,0x27dA6F24Cd437BC0A00469E19aD8342b7f2e50E3,1266,1266,exact-id,,7,0,7,0,34961238,0x9557586264e1a971522c3a9fe1711b59ba5ae0a1d634ca7d73558f08095f8a9a
201,0x4324263f8017205F7Da6cF28b87330e49795c393,1299,1299,exact-id,,0,1,0,1,34961251,0x8a4e244ae17c4bd08b55e13b99916c0543bcd9ed49a5ba10b2da43e5ef4ee475
202,0xfc7506d541eE119a64f0d75f907D21408b71A562,1410,1410,exact-id,,9,2,9,2,34961267,0xeefd373ae804bc24f7c1b5498045050dbf200f3775c43730f223e27c2f381d74
203,0x27dA6F24Cd437BC0A00469E19aD8342b7f2e50E3,1431,946,same-floor-same-tier,pause-block-holder,0,0,0,0,34961282,0xea1f0528c3c7adb152114142cf6573af4e41a255d80d9ff0b9fad7214d69202d
204,0xf6ae5F46a6d3e523517fc4E9920A495D57BA9599,1678,1398,same-floor-same-tier,pause-block-holder,8,0,8,0,34961297,0x196309b6baa2e1a925e1c5748c411f862110889a5b26046771356dd69f130f13
205,0x71F9CCd68bf1f5F9b571f509E0765A04ca4fFad2,1739,1739,exact-id,,9,0,9,0,34961312,0x1484266c3c68f3cc6436b6ab0215c92b2a58c28ed40aea2b4bf2fbe2634df26e
206,0x50d31D668B43EB05CFA2e76C46D6F3cb8d206f13,1758,55,same-floor-same-tier,pause-block-holder,1,0,1,0,34961331,0xe9e362fc27c01d83df4eadafc14a4676e7e031dcc79c43007d3c711479faa6b5
207,0x10F62eDCf62c78D89953f1A7C796bA56e9dB2F3b,2402,2402,exact-id,,0,2,0,2,34961347,0x26a158aef41e0a96768c067c435bad606ec21a40cddb7f272a23e74746eafa5b
208,0xB60453f825414620eE8C815A664FaD52B1030d8F,2514,2514,exact-id,,8,0,8,0,34961362,0xc389d8fa25857c82650d020d497fbab9d7c88f3481d9fd987fd20bf2e03ff24f
209,0x4324263f8017205F7Da6cF28b87330e49795c393,2767,2767,exact-id,,2,1,2,1,34961377,0x5d6f7b2d8a27112224baa57af2110d504dc1f6afc4cb3f9618e079ec64a85763
210,0x27dA6F24Cd437BC0A00469E19aD8342b7f2e50E3,2770,2770,exact-id,,5,1,5,1,34961391,0xa5ea878dcfedca578f4f923c455b24ddbb0cf9d194f86feadafdaa9979ed4407
211,0x10F62eDCf62c78D89953f1A7C796bA56e9dB2F3b,2774,2774,exact-id,,6,1,6,1,34961406,0x8d146606c9cbe2ccf4a9b0e8b413e619330dc02da68e9ed0cf4025f123e28636
212,0xfc7506d541eE119a64f0d75f907D21408b71A562,2916,2916,exact-id,,8,0,8,0,34961422,0x232040571fc6e5715cca0ef63a86e07678c94825f70b07e00545ff4860feb172
213,0x71F9CCd68bf1f5F9b571f509E0765A04ca4fFad2,3002,3002,exact-id,,7,1,7,1,34961437,0xc9c99f858f0a711fedae89811b72e01e7e7b1c85a88d2f0b49d16a9adc16db1f
214,0x10F62eDCf62c78D89953f1A7C796bA56e9dB2F3b,3045,407,same-floor-same-tier,pause-block-holder,9,0,9,0,34961451,0xa2189704b1d6d5007defa9f7c4a173c077ae80fcc9d061abdcd3cc595ec549f4
215,0xfc7506d541eE119a64f0d75f907D21408b71A562,3151,3151,exact-id,,8,0,8,0,34961467,0x5e3788899a66705738a6255fa3dd44a943b17ecbe722cfd5832b8f047ac4b899
216,0xfc7506d541eE119a64f0d75f907D21408b71A562,3227,3227,exact-id,,3,0,3,0,34961482,0x77639f7f9c137f548f6d5f5d7accf7ca6fe0f9730fe2665d235cd4803fa65035
217,0x50d31D668B43EB05CFA2e76C46D6F3cb8d206f13,3475,3475,exact-id,,1,0,1,0,34961496,0x65fea474592d319735f2966c88d2956a3acc8503be05dc08ca13d535c362a111
218,0xfD5Cc1b62A7792D727Db762A2e1abC2615e650c2,3595,507,same-floor-same-tier,pause-block-holder,7,1,7,1,34961512,0x2065336918f418d30e65cd37a7db0d31c70b56763dce4c153aa22f3a00220e69
219,0x4324263f8017205F7Da6cF28b87330e49795c393,3672,3672,exact-id,,6,0,6,0,34961528,0xbb1f43956a7d60a57f0c028f1c0ca5e6d28528a03b7f76824bf372b313453845
220,0x71F9CCd68bf1f5F9b571f509E0765A04ca4fFad2,3740,207,same-floor-same-tier,repeated-incident-id,1,0,1,0,34961543,0xf9b838145be71af55304c12179c8ec47dea1b976ceba38bbd3dcaa68bd78f31d
221,0xfc7506d541eE119a64f0d75f907D21408b71A562,3797,3797,exact-id,,4,0,4,0,34961558,0x4d5a5b0a432b2c29d4d38b1e711d397293fdb67ca0e0100bc53a0beac178ee3a
222,0x50d31D668B43EB05CFA2e76C46D6F3cb8d206f13,4063,274,same-floor-same-tier,pause-block-holder,2,1,2,1,34961572,0xf5c021eee007d8e6d5f770d7de12d8a0279ee5d1e9866be8745609636ca85b6b
223,0x05d3cD6859FCd219b4482Fb1D72743f07df8D606,1045,1045,exact-id,,4,0,4,0,34961699,0x8a94b3133321ae3a93485e8ac5ac45ae0fe3e3d499555869a803deda25455714
224,0x71F9CCd68bf1f5F9b571f509E0765A04ca4fFad2,1096,1094,same-floor-same-tier,pause-block-holder,0,0,0,0,34961759,0xd2afa59eb4ccf21a586bf93beb384944b15aa85191d1fd25e4ef320aadc0ff06
225,0xE595Ed0eee63FE6ceB3e6b6770B9D826223a3737,1138,1138,exact-id,,8,0,8,0,34961775,0xe14665cf5621dc8b9a45d01d041393034bb7e87f3923dbe51ec62ca4d6b79dd4
226,0x05d3cD6859FCd219b4482Fb1D72743f07df8D606,1148,146,same-floor-same-tier,pause-block-holder,2,0,2,0,34961788,0x3128e94384a0018a6a7062518f9ef3c59d2afcd9523e667cdc12dbced1335128
227,0x237d44ff9c9A48bce5Ed6c337db3080Ec7967F56,1275,741,same-floor-same-tier,pause-block-holder,7,0,7,0,34961805,0x4315be8f885278460adeadc266ed261487de87e750400849d769bb1583fbe317
228,0x1ff67d19f75ad2F9375db66d6d27F29BCe8b56D1,1278,1278,exact-id,,8,0,8,0,34961818,0xd19c69d3ed1ba3c6e696a58af9ed3f5b34454594b76c28e2f405a2d61393dac0
229,0xE595Ed0eee63FE6ceB3e6b6770B9D826223a3737,1447,1447,exact-id,,6,0,6,0,34961834,0x2de3ebbe748c4892288c8368a471010cea2f78a63294ed960c019aab99046f3e
230,0xb9d666c6E61826545E2c8e26B46e11f501354591,1461,1461,exact-id,,9,0,9,0,34961849,0x10673000c4086651e5cf659a96c5b74ee055b167ce692db5f6c14977311080ab
231,0x37bbFc32408449Ec4251bf3C2fef4F7CD52746ba,1463,523,same-floor-same-tier,pause-block-holder,4,0,4,0,34961864,0xe3abf2b9885ae168b9bf89b93a079b138e7914474ef30d509b691976ba951786
232,0x3D145930A87880EdfB5687A45783429e1E7EBFa3,1473,1430,same-floor-same-tier,pause-block-holder,8,0,8,0,34961879,0x697e2bcfa8bc4a980b81212394e2422f78a51434e2a98fdf2f15164789abc3d8
233,0x71F9CCd68bf1f5F9b571f509E0765A04ca4fFad2,1892,1892,exact-id,,8,0,8,0,34961897,0x8b31fb30474f79ff32869edfae92790db709108df912b24a8af8ed653884220a
234,0x71F9CCd68bf1f5F9b571f509E0765A04ca4fFad2,2095,2095,exact-id,,1,1,1,1,34961914,0xf2ed1e86e09d30f5ceef0fb35f2a962a0ed4e31bbcd43dc09c1ac835779c442d
235,0x71F9CCd68bf1f5F9b571f509E0765A04ca4fFad2,2629,2629,exact-id,,1,0,1,0,34961929,0x31075f88e8893fd5f0df433593493200d362a6e717c8dadd33ecfd7276073fc1
236,0x71F9CCd68bf1f5F9b571f509E0765A04ca4fFad2,2690,986,same-floor-same-tier,pause-block-holder,7,1,7,1,34961944,0x7b4945a07f753676e8f0f9009b9b9fe171726d83ecd6147c35f4ca66f03cc565
237,0x71F9CCd68bf1f5F9b571f509E0765A04ca4fFad2,3139,3139,exact-id,,3,0,3,0,34961959,0xe0d269f1ee5767a4b035579a23c6ebc4194b31925e7a8713675ecb4b3f182b9d
238,0x71F9CCd68bf1f5F9b571f509E0765A04ca4fFad2,3713,3713,exact-id,,2,0,2,0,34961974,0xa593a9883049394158d037364cdedbe2d29846242a82a09bd597d069c4bc7d9b
239,0x71F9CCd68bf1f5F9b571f509E0765A04ca4fFad2,3765,3765,exact-id,,8,1,8,1,34961990,0x5dc43ea43815014d1449afd3c8e07ddcd119989989bc30015ad81817105c0080
240,0x3D145930A87880EdfB5687A45783429e1E7EBFa3,3946,3946,exact-id,,0,0,0,0,34962005,0xd0a57c12c0ff45f9a16e48d17a1e8c592c32bd292bcede0a5c8daacae13a1780
241,0x237d44ff9c9A48bce5Ed6c337db3080Ec7967F56,4287,4287,exact-id,,6,1,6,1,34962020,0xa565fd07efb09ac8b7fb83584945f00e3485594c7dac90a83e50749cecdaa11e
242,0x71F9CCd68bf1f5F9b571f509E0765A04ca4fFad2,4352,847,same-floor-same-tier,pause-block-holder,6,2,6,2,34962035,0xdd0909b65e0855301b5cda6d4ff1fd4126d740d84b58bbbddc7e346ff028321a
243,0x4CFD59Ad1d7236Af5C98248435B38e96554CD15B,176,1712,same-floor-same-tier,pause-block-holder,0,2,0,2,34962159,0x6c1f52348754fb4ed26a925da72ac2e0d34fdfb1f10b3c48482e8d18e1be6764
244,0x4CFD59Ad1d7236Af5C98248435B38e96554CD15B,244,244,exact-id,,2,0,2,0,34962175,0x31b9ab494332f49558cf03f7abd02f0064080cb3de478471abec1f34e2ec447c
245,0x4CFD59Ad1d7236Af5C98248435B38e96554CD15B,599,599,exact-id,,3,0,3,0,34962190,0x62738786c76ac0b9368df6c26453753117544501881bc633a8b78b12186e6e3f
246,0x2902b141aB0552aF86B105AB8aD6d66483A1fcD1,1021,1021,exact-id,,4,1,4,1,34962205,0x6744e2fe7dde2c4867fefd44dcf7e72f1739433188d097863a9d2bfeb5acc6e8
247,0xf99A3402B06f7C3aDB6Dc9360Fe1213DdDDDdddD,1578,1578,exact-id,,0,0,0,0,34962223,0x4107b6a3685728eba55916fddecc071c06042c5fec25cbdaeb6da5e415da3639
248,0x4CFD59Ad1d7236Af5C98248435B38e96554CD15B,1794,1794,exact-id,,1,2,1,2,34962241,0xb65687a9f961ee2ead9075df37db75d4adf50f49e0512c67bdfa2ff2a79718de
249,0x4CFD59Ad1d7236Af5C98248435B38e96554CD15B,1945,1945,exact-id,,9,2,9,2,34962255,0xed2840307dd3fa2be4e1a7bf53a98a7eb6465f8b7bdec5c75125f1d2162e452e
250,0xf99A3402B06f7C3aDB6Dc9360Fe1213DdDDDdddD,2595,2595,exact-id,,6,0,6,0,34962273,0x5e804865ef1e9db2239f19ab79e0638a5c042041c5d5df6001c012319b51023e
251,0x4CFD59Ad1d7236Af5C98248435B38e96554CD15B,2613,2613,exact-id,,9,2,9,2,34962286,0x4fddc84f3c6f8518b663c76d832b2b9221454a207a254e861ead51529bffdbae
252,0x13a78895e2da9f3E373463EAF943a97f4432781A,3114,755,same-floor-same-tier,pause-block-holder,7,0,7,0,34962301,0xb4a4f3343705f0d73796808758ef28a024f848bc8b0767826eac41509978e3c9
253,0x4CFD59Ad1d7236Af5C98248435B38e96554CD15B,3429,809,same-floor-same-tier,pause-block-holder,4,0,4,0,34962315,0xef6db8d2830c26dc440472754dac4e72716316d4e70fdcb439dd64a6104293d1
254,0xf99A3402B06f7C3aDB6Dc9360Fe1213DdDDDdddD,3979,664,same-floor-same-tier,pause-block-holder,6,0,6,0,34962331,0xebcc4340d1c5b27379b16e8af6d3907790dd7f9021abdfde4ce49dd4b6e4c5ea
255,0x2902b141aB0552aF86B105AB8aD6d66483A1fcD1,4024,4024,exact-id,,1,0,1,0,34962346,0xfbdcec0648e81b5f2c7cd9b524613cc9b603971e638c2effe257aca497064aa9
256,0x2902b141aB0552aF86B105AB8aD6d66483A1fcD1,4057,619,same-floor-same-tier,pause-block-holder,6,1,6,1,34962361,0x0040f182848dacfa25a02357b41cb7c8afbb40957acf6534308cbf8d9adb54fc
257,0x237d44ff9c9A48bce5Ed6c337db3080Ec7967F56,4217,2136,same-floor-same-tier,pause-block-holder,8,1,8,1,34962376,0x93e1623088c233fa7e84b6bda86f6ca2544667b3fd15372887532214a402e0c3
258,0xf99A3402B06f7C3aDB6Dc9360Fe1213DdDDDdddD,4333,4333,exact-id,,8,0,8,0,34962391,0xe4b154e1e38d7ba468719fa29950da7c5d9390053285417ef7d21aea0cb5f91c
259,0x8ABd6925DccE4b8b7f6F8F0f51bD0CF1B2707357,534,534,exact-id,,4,1,4,1,34962518,0x12166599b98d588d24ab8fe2c5e3206bd7890ef017a9c706bc90d0ae977fd36d
260,0x8ABd6925DccE4b8b7f6F8F0f51bD0CF1B2707357,1139,1139,exact-id,,9,0,9,0,34962532,0xa1fd9c7d664800dc30020544f7c1ba92faba6c23b243d68e3c0b4c01512006ef
261,0x71F9CCd68bf1f5F9b571f509E0765A04ca4fFad2,1448,988,same-floor-same-tier,pause-block-holder,4,1,4,1,34962547,0x41fbd7a38e6e881c58b8d51de5d7af1d3ab2a7ecb2c0d08d70e7355313f52a3d
262,0x71F9CCd68bf1f5F9b571f509E0765A04ca4fFad2,1674,1674,exact-id,,6,0,6,0,34962562,0x8acf55aa2b51df0d3fb26b516c674b3c3b78b15e4c9aa8a0e94035218513e478
263,0x71F9CCd68bf1f5F9b571f509E0765A04ca4fFad2,2534,472,same-floor-same-tier,repeated-incident-id,9,0,9,0,34962577,0xb33a4f6e957312745f3e3e75063cd9928c5896d8a9cdd5a2e257191ab5ee8f03
264,0x9474f4c29ce65B38264F1c7fB90ae262e511B132,2794,1432,same-floor-same-tier,pause-block-holder,8,0,8,0,34962591,0x688d49f353a30e21bccf7bd2bf9d1068ca145ee07a79811f88cfdb157bde38dd
265,0xf99A3402B06f7C3aDB6Dc9360Fe1213DdDDDdddD,3829,3829,exact-id,,2,0,2,0,34962607,0xc319cbb4d641618c2c115881a880602125ee32d0c5697597aab4cbcf4dcb0949
266,0xA4074Ba612888227A9b9ac15cf7918F087A0DC47,4427,4427,exact-id,,0,0,0,0,34962623,0x8e0d061dde827954b519bed8845392ff73a9f7a9fcfbe948c19a34dc399f24eb
267,0xA41f33aEA06e772Af57377B9e0c3816918bdaC40,1630,1630,exact-id,,3,1,3,1,34962747,0xeb48601d22421f2f836b2d2bf5d7864c9a78dc78069d4b611a7b16e530471198
268,0x8ABd6925DccE4b8b7f6F8F0f51bD0CF1B2707357,1864,1864,exact-id,,0,0,0,0,34962764,0x3273b0d108d212de06cd5901c6251442acd43197c485f8a1f600cc5909a9fde7
269,0xA4074Ba612888227A9b9ac15cf7918F087A0DC47,2963,2963,exact-id,,1,0,1,0,34962778,0x8570146efb3ecc5de961fbdf1f483d6d8fdfc4b0fc5180d8a17c453914fb6555
270,0x8ABd6925DccE4b8b7f6F8F0f51bD0CF1B2707357,3462,3462,exact-id,,3,1,3,1,34962794,0xb94b5229ae5c7ed2dcc8cc2e9c0473054733025a64620b096c88e08ba896526a
271,0xA41f33aEA06e772Af57377B9e0c3816918bdaC40,4156,4156,exact-id,,0,0,0,0,34962809,0xcff37a0c82bba2f983f6efa7730c2550bd198f44833340f0e7e2732e175085c3
272,0x8ABd6925DccE4b8b7f6F8F0f51bD0CF1B2707357,4259,266,same-floor-same-tier,pause-block-holder,2,0,2,0,34962823,0x55b80e38fcdb04691b7cd273245789f77762621f11308c712d6b5aee44d11787
273,0xA4074Ba612888227A9b9ac15cf7918F087A0DC47,4270,4270,exact-id,,2,0,2,0,34962838,0x6b06d2032b0d4272db5ca89db16dfcb380347c72fa0d5244087bc48801641727
274,0x71F9CCd68bf1f5F9b571f509E0765A04ca4fFad2,3514,3514,exact-id,,6,0,6,0,34963182,0xe652ec181011c6684c8bc42806d9513df2824d28e26b7c5d1d0071dff54d016f
275,0xDb363862E5e73a7ce226730de475C507547cD4c2,948,948,exact-id,,8,0,8,0,34963305,0xb0b767154e52483f2fe0174f1cecfac4164458cf4e3c826ddaf7c661f51bc54a
276,0xE595Ed0eee63FE6ceB3e6b6770B9D826223a3737,1685,1685,exact-id,,0,0,0,0,34963321,0xde86934e9b7a4c6dfe6e2ec167d95d586656835c172b6b6789b07aa339546f02
277,0xE595Ed0eee63FE6ceB3e6b6770B9D826223a3737,70,206,same-floor-same-tier,repeated-incident-id,3,0,3,0,34966773,0xf7e4af08a0333f371625fe17bc097afbcca461f13105522eb5826c6d482e2900
278,0x71F9CCd68bf1f5F9b571f509E0765A04ca4fFad2,103,103,exact-id,,8,1,8,1,34966785,0x78633690da85647f7541dc8b3220738a5d7fe1c457b76ed09f2fd0bdd8d510d4
279,0x4CFD59Ad1d7236Af5C98248435B38e96554CD15B,196,2216,same-floor-same-tier,pause-block-holder,8,1,8,1,34966800,0xbbfae485a2a5ffa6ddceb3302544361f6f1a388a8cf3cf2c7994711b1e1b2eea
280,0x16F5EF133d0D15B196A778d22BF1ec56f8f37C05,234,234,exact-id,,0,1,0,1,34966816,0x4177f358bd5a7e1e4416fd053e14d2ea44efacec7db113fa2784fe4ded211a74
281,0x2c875d3CEAFC35915715f213e10Ba2e53277F2f1,248,248,exact-id,,9,1,9,1,34966831,0x87652178febd4eef01aaf4b7fc52b75ee2ee26721c47dbdf250be1cd49ba3fc9
282,0x7777de7a669c6E76e059fae0e15a0Ea041FD752c,725,1582,same-floor-same-tier,pause-block-holder,8,0,8,0,34966846,0x29c4f99770addc9482b8d8d971f8c7cfa699aca665b2d69de321928919e43bd9
283,0x16F5EF133d0D15B196A778d22BF1ec56f8f37C05,943,161,same-floor-same-tier,pause-block-holder,8,2,8,2,34966861,0x338c7aae01f2a0e8b7629bf638bb377b9b2ac4c36704fa055470ede7c51d7e69
284,0x71F9CCd68bf1f5F9b571f509E0765A04ca4fFad2,1030,1030,exact-id,,6,0,6,0,34966876,0x32a3096963c262c9057c2f3dd7794a5c637bc7f03eb037e4dabe7731e1d04c34
285,0x71F9CCd68bf1f5F9b571f509E0765A04ca4fFad2,1385,1385,exact-id,,9,2,9,2,34966891,0x226ead0a045c86001afe074c52019d9c4fad09d8b01c8f06df44e03a0aa48043
286,0x50d31D668B43EB05CFA2e76C46D6F3cb8d206f13,1507,995,same-floor-same-tier,repeated-incident-id,7,1,7,1,34966907,0x0809d904f3d0a41cffef44eedfce831ea76570aab9c8c946290ae2d327dca324
287,0x16F5EF133d0D15B196A778d22BF1ec56f8f37C05,1904,1904,exact-id,,5,0,5,0,34966920,0x7e65da8b5d6cedbb705af3a2dd7663f7fd93e8c6a69e2955b5db84a359b94def
288,0x16F5EF133d0D15B196A778d22BF1ec56f8f37C05,2017,2017,exact-id,,6,0,6,0,34966936,0xf1e174cfc262698410b3b314d5c86c90f45c3ee0e6a9a2fb5d2cf4f8d002ac2c
289,0x16F5EF133d0D15B196A778d22BF1ec56f8f37C05,2339,2339,exact-id,,3,0,3,0,34966951,0xb7d08966d0044e1c2c015494b818417942950b8ae290f262a95ff58fc8379b0c
290,0x71F9CCd68bf1f5F9b571f509E0765A04ca4fFad2,2348,2348,exact-id,,5,0,5,0,34966966,0x2250e6ad95cb1862c34dda07479c5153ab5b036991b38c62074e48ec7eff5677
291,0x71F9CCd68bf1f5F9b571f509E0765A04ca4fFad2,2363,2363,exact-id,,1,0,1,0,34966981,0xc60aec5b71860adaabeec4d69393c28a2a6fc993e081792b32521fa0959e573a
292,0x4CFD59Ad1d7236Af5C98248435B38e96554CD15B,2388,2388,exact-id,,2,0,2,0,34966996,0xec5b2da57a6f91354a79fa6ef667398be1bcea9f2b618518304920ba1bccfd10
293,0xCa16b6208EfA84e543D48904f853265Bc2705Cc1,2392,2392,exact-id,,6,2,6,2,34967011,0xa1836d92ec227312c8daffb33d904ddaf6c00b86352d4b5374cad7b9b3b349db
294,0x71F9CCd68bf1f5F9b571f509E0765A04ca4fFad2,2524,2524,exact-id,,8,1,8,1,34967022,0xf984e416948fc5735ca783e9734aba6eadb7cb925f684deb3a5bcff9e107eeab
295,0xE595Ed0eee63FE6ceB3e6b6770B9D826223a3737,2533,2533,exact-id,,4,0,4,0,34967040,0x8719e9bb26a0d083ce242c8bb9ad1f0189f57a71ff960b8c60f0d81bea822960
296,0xCa16b6208EfA84e543D48904f853265Bc2705Cc1,2536,2536,exact-id,,5,1,5,1,34967053,0xa36e7662e379ab86774b749b93ae1531db8b7463dba733bf7ee545cdd34087e9
297,0xA7f5c35464f41cCC9a227642AE0dA88c79564B32,2729,2729,exact-id,,9,0,9,0,34967068,0xa6a1672e941298cb0918f24b824749562d9b382610c5b9e690dcc14758d9756f
298,0x71F9CCd68bf1f5F9b571f509E0765A04ca4fFad2,2792,2792,exact-id,,7,1,7,1,34967086,0x5f9bf11a4e503f64a9020ed5115188bfab493cb2ea1ede166fbf49691b82ca53
299,0xA4074Ba612888227A9b9ac15cf7918F087A0DC47,3000,3000,exact-id,,4,1,4,1,34967103,0xa6dd7acced2e34e447a7f80691aa92ade67df0eba8a38cbf41562bfaca646211
300,0x4CFD59Ad1d7236Af5C98248435B38e96554CD15B,3164,3164,exact-id,,3,0,3,0,34967118,0xcb2247f46151d6312be46223e359d15238e7c5957390f8df8b75185fc6dcbda6
301,0x9ef02557bB81557d5FCE437b4FE59b08C724a5D2,3166,197,same-floor-same-tier,repeated-incident-id,1,1,1,1,34967133,0xd81aa1149d37282235c76296660c702c9717a4c048421a7905e0bb1eb117a4c8
302,0x6182f11063028fe5D4E38eA6E281FFb7E5E2d13B,3199,138,same-floor-same-tier,pause-block-holder,5,0,5,0,34967148,0x67b31c2042bedb88d658452905e9be388cf498c6d057b71eba2133c26af5e031
303,0xCa16b6208EfA84e543D48904f853265Bc2705Cc1,3222,3222,exact-id,,8,2,8,2,34967163,0x50fa1a6c23100212ea492b1915d44fb66134083051c9a48a72aaf5ebfd0416ec
304,0x4CFD59Ad1d7236Af5C98248435B38e96554CD15B,3532,3532,exact-id,,5,1,5,1,34967178,0x95fdc8362ca05a4f0c50f8ed65cbccf2429ac633a6d747aa08175b370678065c
305,0xb55Df3a73E9f8bc8E41E83f387695EACDaB269D2,3839,3839,exact-id,,6,1,6,1,34967193,0xfd105b46c90580152b0aeec1f392a23800876b8841f869c14ff0ddf61ec265ef
306,0x4CFD59Ad1d7236Af5C98248435B38e96554CD15B,3968,3968,exact-id,,2,1,2,1,34967208,0x6a1f2b49b8d33249198bccd3e396c254c1600c450f8396198a1115920d78e914
307,0x71F9CCd68bf1f5F9b571f509E0765A04ca4fFad2,4042,4042,exact-id,,1,0,1,0,34967223,0xd4b1bb85e0c0394b656b093b7a8220bf4df35b7511f9980ac650c1c85ffcf301
308,0x13a78895e2da9f3E373463EAF943a97f4432781A,4243,1372,same-floor-same-tier,pause-block-holder,7,1,7,1,34967238,0x679c068a8e4a82e0145b039627def3cb8779376ddaab176513f754ce44fb61e3
309,0x71F9CCd68bf1f5F9b571f509E0765A04ca4fFad2,4385,4385,exact-id,,7,0,7,0,34967253,0x12bce70190b21709eea1ce275b96f65f85b2d7bb459a289f7a7eb3b86b4c8670
310,0xAdD446D98CaD965A86F4D69991C2b5519a107701,1132,1132,exact-id,,0,0,0,0,34967378,0x5b678061557df005907aabb06442ee2a9cc28fcd577a7168b40cb0b4465172b0
311,0xfcb20812630a0EEa6cFe62791F92a424b248d447,1619,1619,exact-id,,8,0,8,0,34967395,0x001ecc13fa292722788cd13a72b0816c62362cd2df452eda20bed3d662a6b18b
312,0xfcb20812630a0EEa6cFe62791F92a424b248d447,2403,2403,exact-id,,2,0,2,0,34967410,0x8a78dc930a63556546dc91156159b446cbae7a926a297cd2fcef5e50c640b1c3
313,0x1ff67d19f75ad2F9375db66d6d27F29BCe8b56D1,2708,393,same-floor-same-tier,pause-block-holder,2,0,2,0,34967423,0x3d9c7dd74cafc501c6c19c02f2f176a39102aa0e3dc5c272222f8ca9faffe958
314,0xAdD446D98CaD965A86F4D69991C2b5519a107701,3203,3203,exact-id,,2,0,2,0,34967440,0x192a86112c5bbb162c2adafaf36feb49202818b6c0baad0560810a02ccb530a7
315,0x71F9CCd68bf1f5F9b571f509E0765A04ca4fFad2,4254,4254,exact-id,,1,0,1,0,34967455,0xf7cb3cada8cb26213777168e198d2e64436629b494d08e1d41a56f19ec8f0e8d
316,0xAdD446D98CaD965A86F4D69991C2b5519a107701,4295,4295,exact-id,,6,1,6,1,34967470,0x7c76515aa090243c680508ac41a2289f05676d8a2320b8009902dae511097be4
317,0x5CF9B3Fc56305251f7737437c4EA9Cd8bdBf8252,94,94,exact-id,,7,0,7,0,34973323,0x377ffbf4fd02fda8c1f0345bdf4673917a1081624a594de300e700c2ef8c4cbc
318,0x8DDf5ce5C373F18c3cae5C720250deE928C5C07d,315,377,same-floor-same-tier,repeated-incident-id,1,0,1,0,34973339,0x33f9c69df711849839fae83f4b6b29084cadb5cf34e38aa9dcb4cacd4f92ba41
319,0xaD128B4FD496Ca73eb54B93529A0519C875125cE,317,308,same-floor-same-tier,pause-block-holder,5,0,5,0,34973355,0xda08279a474da27fc105fcc44302f334a7f3c0944835ef34376949fd9ddd83d4
320,0xd087A7aF5e0DC9983dFFbe44C72d291E2661b4b4,379,379,exact-id,,1,1,1,1,34973374,0x9602906e17cc873c58498b46d7b52dc0c954b94d8f48f15b044843d957c8c3ca
321,0x4A301A07e220BF6663D965bb1B4E80AB87508734,408,408,exact-id,,4,1,4,1,34973391,0xc56e06ce2b85b77a615f75ba4fb967c3c6fa9c5072509d1b56778384f0ef3b4b
322,0xb265580A69C9B40AE89BeFd737Dccfa1F477893D,515,515,exact-id,,2,0,2,0,34973407,0x47c7fabd336b98a2601116345f37b84f8fa4254f80d78a346b0a9acd3e1d2f82
323,0xaD128B4FD496Ca73eb54B93529A0519C875125cE,551,582,same-floor-same-tier,repeated-incident-id,9,0,9,0,34973421,0x8968fdc56fd517a99360d45240ed5ea8f049600dbd935b6aee22940215c7d4a7
324,0x117666Ca1e398f5fAcd20aD95812547d6A294188,870,870,exact-id,,3,0,3,0,34973436,0x692b1b01d06cf41a45cc042b8a8bada23ab941bd0fc48e962cc970f28b54f4df
325,0x8DDf5ce5C373F18c3cae5C720250deE928C5C07d,977,977,exact-id,,8,2,8,2,34973451,0x811f3f022da53ec50b5d0eb584fcb093db22a79e1019a81a3ed17d445175caad
326,0x117666Ca1e398f5fAcd20aD95812547d6A294188,990,990,exact-id,,0,0,0,0,34973466,0x657b89bb459b6ad173c5e92c00e9be29ecebd27d7f37c3383d798f401ee51fc2
327,0xb265580A69C9B40AE89BeFd737Dccfa1F477893D,1050,1050,exact-id,,3,1,3,1,34973481,0x0d7b221d1bda5fe0afdf90bd385c36c544be62474331ae54a1d5a942d560117b
328,0xb265580A69C9B40AE89BeFd737Dccfa1F477893D,1287,690,same-floor-same-tier,pause-block-holder,6,1,6,1,34973496,0x2867ca66339cb427182e9de517b147f6e6d5aac5756ad4ae806b2ffb6956a018
329,0x117666Ca1e398f5fAcd20aD95812547d6A294188,1315,1315,exact-id,,9,1,9,1,34973510,0x39776c97e936a798ddda56a60391b79a6f4f0445e22602cdbeaa98d3dadcb3e6
330,0xb265580A69C9B40AE89BeFd737Dccfa1F477893D,1388,1388,exact-id,,9,0,9,0,34973527,0x354da9b71e646422600df5b5141ae39092839051313830c9685c64c5a423eb6d
331,0xaD128B4FD496Ca73eb54B93529A0519C875125cE,1628,1628,exact-id,,6,0,6,0,34973542,0xf57b6d5357a072c02e8bc33d6a10ca54ab04bcfa82f2fcc0040689cc41623770
332,0x8DDf5ce5C373F18c3cae5C720250deE928C5C07d,1694,1694,exact-id,,1,0,1,0,34973557,0x3de54947efc84806a5002851b6c6b2b96c766426ac42ed6e786d5d96264fa1bb
333,0x8DDf5ce5C373F18c3cae5C720250deE928C5C07d,1922,1922,exact-id,,6,0,6,0,34973573,0x65679635751be67d47a53571edf2d9ce46b3d3e928a5ff73087884d8accaea54
334,0xaD128B4FD496Ca73eb54B93529A0519C875125cE,1990,1990,exact-id,,8,1,8,1,34973587,0xf65eb8806f8e7fb36c22ab25c34468b549b0a8914e440619f854423b47b6e9a5
335,0x8DDf5ce5C373F18c3cae5C720250deE928C5C07d,2100,2100,exact-id,,6,2,6,2,34973603,0xe35ce85a413415ab268b5e7e7ce822066072de5117ebf081d2ca4357d22cbd8c
336,0xaD128B4FD496Ca73eb54B93529A0519C875125cE,2145,696,same-floor-same-tier,pause-block-holder,6,0,6,0,34973618,0xbbeee53f386b84ec47aecf0cea1ddaed712f2a27dece3e262ea43c16aa7a3ce3
337,0x117666Ca1e398f5fAcd20aD95812547d6A294188,2188,2188,exact-id,,2,0,2,0,34973633,0x7964e06421c0347545b17d930eeb0b8c546970d1ca5b423ed96e9607f69dea86
338,0xaD128B4FD496Ca73eb54B93529A0519C875125cE,2243,2243,exact-id,,3,0,3,0,34973648,0x7a60dffa0b54f3d2cbeebe6c2dc7ca6568d700b1723b4b19ffe6a049bf5e96c8
339,0x117666Ca1e398f5fAcd20aD95812547d6A294188,2299,846,same-floor-same-tier,pause-block-holder,7,0,7,0,34973663,0x81b6e7aa851508eb42b39353d3cc1424bc70e39522cac3ba272771555ec034d8
340,0x117666Ca1e398f5fAcd20aD95812547d6A294188,2843,2843,exact-id,,8,0,8,0,34973693,0x28f1f4ae18a2cc3bf207f4147c27534afa0bce06e048de13059cad4ba69692c6
341,0xb265580A69C9B40AE89BeFd737Dccfa1F477893D,2854,2854,exact-id,,1,0,1,0,34973708,0x548d2a2d182a46fdd4b04c41d0cee9b44185825d97cad93821dc4793c8fb9bde
342,0x71F9CCd68bf1f5F9b571f509E0765A04ca4fFad2,2979,811,same-floor-same-tier,repeated-incident-id,4,0,4,0,34973729,0x687881f049b33723b0cd727ce859ebbdf77649a678d8b091bfe7d126ec22609b
343,0x8812d2D42a5D84588040e8f198D592330C28f998,3174,3174,exact-id,,3,1,3,1,34973742,0xebfbce645a3fd2a82454e92dbe45c3c200b8bccee861b0481abe982885b8799a
344,0x253c467Bcfd7783598EE970696093EC26d2C58d5,3179,3179,exact-id,,4,0,4,0,34973758,0xf74ef96c2d87810803e6d9363efd202207107e36c3bbec1cfa36e13d49ad43e5
345,0x117666Ca1e398f5fAcd20aD95812547d6A294188,3224,3224,exact-id,,1,1,1,1,34973774,0x64fc82e23924bf89e0eb4ed0a1508078e31755b1bdf4a37049fdebcdfa571a1c
346,0x5CF9B3Fc56305251f7737437c4EA9Cd8bdBf8252,3453,3453,exact-id,,1,0,1,0,34973790,0x7f888d7c800b5c3ce0b19681cf0af173679f7da8e0806cd726ef046f975043af
347,0x117666Ca1e398f5fAcd20aD95812547d6A294188,3455,3455,exact-id,,8,1,8,1,34973804,0xcf46305665dee5831c7bbcc2859418a3f8072238c6c148893582f85fea3d0d11
348,0x8DDf5ce5C373F18c3cae5C720250deE928C5C07d,3530,3530,exact-id,,7,3,7,3,34973822,0x274b63f1cc73a1d7b1e287b4adcc1926e3568e8ee1251c2348744076e9acf2c3
349,0x8DDf5ce5C373F18c3cae5C720250deE928C5C07d,3534,3534,exact-id,,7,2,7,2,34973839,0xa20913d25061fcbae9e9488d21431a39a6e185f46dec6f385450f3798d663be3
350,0x117666Ca1e398f5fAcd20aD95812547d6A294188,3581,3581,exact-id,,0,1,0,1,34973854,0x1ab5761aada3706f9716a7e4e7f12e685b465c2a6b0709d6ad535d4f5db349ec
351,0x0e4cb981Aa087847eF0C9F0C0989d884a86D04c3,3656,3656,exact-id,,7,0,7,0,34973869,0xb474f781f04bbb4c1c32e2ce24b8fb1b8c4d4b84ea7682d0f97b862d64f9e02e
352,0x5CF9B3Fc56305251f7737437c4EA9Cd8bdBf8252,3895,3895,exact-id,,3,1,3,1,34973884,0x556dc956f3a2f872a765a477618c22321e7a9e77756317445bcd037025f7ddaf
353,0x8DDf5ce5C373F18c3cae5C720250deE928C5C07d,3966,291,same-floor-same-tier,repeated-incident-id,1,1,1,1,34973902,0x1f0fce12d51d61cc6c0b956d7af83ba78f6d67bba319363a7be80017bfba7804
354,0xb265580A69C9B40AE89BeFd737Dccfa1F477893D,4370,890,same-floor-same-tier,repeated-incident-id,4,0,4,0,34973920,0x3bb66ae830ad1af6f0e020540f533151d0ad50bf53cd8d16156fed3250fb2fee
355,0x8FfDBCAEB22E3f577a4EfBC45b7823d4659AD280,34,34,exact-id,,6,1,6,1,34974062,0xc6ceda7f2251420a1714ce0aabdd6e8e151be5536192a055ce8335198644d0dd
356,0x8FfDBCAEB22E3f577a4EfBC45b7823d4659AD280,1674,894,same-floor-same-tier,repeated-incident-id,6,0,6,0,34974076,0xa69bf5ba0b3189d044d7fb2f88f8a6ee8155229e0839acb6a3e0d59c78a925d4
357,0x8FfDBCAEB22E3f577a4EfBC45b7823d4659AD280,4355,4355,exact-id,,8,0,8,0,34974090,0x72507dffd63d5c34a2359348f38641336399d95d0472d01bfff842aaffad69a0
358,0x37bbFc32408449Ec4251bf3C2fef4F7CD52746ba,1869,1115,same-floor-same-tier,repeated-incident-id,0,0,0,0,34978450,0x9a31ea061636841c7c4ff4f26c3ff1dfafcb3d16576b2f768548546e2e5f45ad
359,0x88730b72FE6099453868f9aA80a6fA7b8253DF8c,3579,3579,exact-id,,9,1,9,1,34978463,0x785cab09e3838f7142c9e5a3d938c92387f9581a8b7195b9bc99790e43066cef
